,batsman,batsman_runs,ball,boundaries,dismissed,dot_balls,man_of_match,match_30+,total_matches,strike_rate,%age_not_out,%age_dot_balls,%age_boundaries,%30+runs,average_suns_per_match,Strike_rate_in_powerplay,Strike_rate_in_death_overs,Player,batsman_rank,bowling_rank,allrounder_rank
0,V Kohli,5878,4609,706.0,163.0,1625.0,13.0,84.0,184,127.53,11.41,35.26,15.32,45.65,31.95,111.80285343709468,197.14867617107942,V Kohli,5.0,247.0,53.0
1,SK Raina,5368,4041,687.0,160.0,1412.0,14.0,76.0,189,132.84,15.34,34.94,17.0,40.21,28.4,129.12457912457913,164.84375,SK Raina,4.0,116.0,6.0
2,DA Warner,5254,3819,705.0,126.0,1429.0,17.0,76.0,142,137.58,11.27,37.42,18.46,53.52,37.0,132.44078269824925,190.7216494845361,DA Warner,1.0,-,-
3,RG Sharma,5230,4088,672.0,177.0,1532.0,18.0,73.0,194,127.94,8.76,37.48,16.44,37.63,26.96,111.31707317073172,190.34941763727122,RG Sharma,11.0,140.0,15.0
4,S Dhawan,5197,4208,700.0,152.0,1613.0,8.0,72.0,175,123.5,13.14,38.33,16.63,41.14,29.7,119.73684210526316,158.53658536585365,S Dhawan,13.0,-,-
5,AB de Villiers,4849,3264,625.0,114.0,1041.0,23.0,63.0,156,148.56,26.92,31.89,19.15,40.38,31.08,117.56978653530376,224.7311827956989,AB de Villiers,3.0,-,-
6,CH Gayle,4772,3342,733.0,116.0,1560.0,22.0,58.0,131,142.79,11.45,46.68,21.93,44.27,36.43,129.4943820224719,192.5,CH Gayle,2.0,147.0,13.0
7,MS Dhoni,4632,3493,529.0,126.0,1225.0,17.0,62.0,182,132.61,30.77,35.07,15.14,34.07,25.45,75.75757575757575,180.62745098039215,MS Dhoni,10.0,-,-
8,RV Uthappa,4607,3658,617.0,169.0,1480.0,7.0,67.0,182,125.94,7.14,40.46,16.87,36.81,25.31,120.07797270955164,166.10169491525423,RV Uthappa,20.0,-,-
9,G Gambhir,4217,3524,551.0,135.0,1357.0,13.0,58.0,151,119.67,10.6,38.51,15.64,38.41,27.93,117.06940874035989,135.43307086614175,G Gambhir,27.0,-,-
10,AM Rahane,3933,3325,492.0,125.0,1271.0,12.0,56.0,140,118.29,10.71,38.23,14.8,40.0,28.09,112.65895953757226,153.47826086956522,AM Rahane,29.0,-,-
11,SR Watson,3874,2888,566.0,125.0,1247.0,16.0,52.0,141,134.14,11.35,43.18,19.6,36.88,27.48,109.86024844720497,180.98159509202455,SR Watson,6.0,52.0,1.0
12,KD Karthik,3823,3023,482.0,152.0,1097.0,5.0,53.0,176,126.46,13.64,36.29,15.94,30.11,21.72,96.35036496350365,176.09942638623326,KD Karthik,32.0,-,-
13,AT Rayudu,3659,2970,440.0,123.0,1069.0,10.0,54.0,149,123.2,17.45,35.99,14.81,36.24,24.56,106.03448275862068,163.36405529953916,AT Rayudu,31.0,-,-
14,MK Pandey,3268,2772,381.0,109.0,1049.0,5.0,43.0,134,117.89,18.66,37.84,13.74,32.09,24.39,111.75799086757992,150.64102564102564,MK Pandey,45.0,-,-
15,YK Pathan,3204,2330,421.0,111.0,872.0,16.0,38.0,153,137.51,27.45,37.42,18.07,24.84,20.94,136.11111111111111,159.77653631284915,YK Pathan,19.0,68.0,3.0
16,KA Pollard,3023,2107,394.0,106.0,813.0,11.0,34.0,144,143.47,26.39,38.59,18.7,23.61,20.99,70.0,176.60332541567695,KA Pollard,18.0,142.0,18.0
17,BB McCullum,2880,2267,423.0,106.0,1025.0,5.0,44.0,109,127.04,2.75,45.21,18.66,40.37,26.42,122.15239591516102,202.56410256410254,BB McCullum,16.0,-,-
18,PA Patel,2848,2442,414.0,127.0,1081.0,5.0,37.0,136,116.63,6.62,44.27,16.95,27.21,20.94,116.80981595092024,136.95652173913044,PA Patel,57.0,-,-
19,Yuvraj Singh,2750,2205,366.0,109.0,976.0,5.0,36.0,126,124.72,13.49,44.26,16.6,28.57,21.83,96.92307692307692,165.1098901098901,Yuvraj Singh,39.0,73.0,4.0
20,V Sehwag,2728,1833,440.0,98.0,737.0,11.0,35.0,104,148.83,5.77,40.21,24.0,33.65,26.23,137.32758620689657,220.00000000000003,V Sehwag,8.0,278.0,68.0
21,KL Rahul,2647,1990,338.0,62.0,714.0,7.0,33.0,72,133.02,13.89,35.88,16.98,45.83,36.76,130.26467203682392,180.82901554404145,KL Rahul,9.0,-,-
22,M Vijay,2619,2208,338.0,97.0,987.0,6.0,36.0,105,118.61,7.62,44.7,15.31,34.29,24.94,111.15819209039547,164.44444444444443,M Vijay,46.0,-,-
23,SV Samson,2584,1970,306.0,91.0,710.0,7.0,35.0,102,131.17,10.78,36.04,15.53,34.31,25.33,112.77213352685051,194.9685534591195,SV Samson,21.0,-,-
24,SE Marsh,2477,1908,344.0,64.0,734.0,9.0,37.0,69,129.82,7.25,38.47,18.03,53.62,35.9,102.54010695187165,154.54545454545453,SE Marsh,12.0,-,-
25,JH Kallis,2427,2291,299.0,89.0,982.0,10.0,34.0,95,105.94,6.32,42.86,13.05,35.79,25.55,101.171875,190.56603773584905,JH Kallis,63.0,100.0,19.0
26,DR Smith,2385,1803,362.0,81.0,832.0,11.0,35.0,88,132.28,7.95,46.15,20.08,39.77,27.1,120.93718843469591,149.35064935064935,DR Smith,14.0,198.0,34.0
27,SR Tendulkar,2334,2044,325.0,71.0,874.0,8.0,37.0,78,114.19,8.97,42.76,15.9,47.44,29.92,110.43478260869566,162.96296296296296,SR Tendulkar,42.0,-,-
28,SPD Smith,2333,1858,270.0,72.0,616.0,5.0,33.0,86,125.57,16.28,33.15,14.53,38.37,27.13,119.06005221932115,167.39811912225707,SPD Smith,28.0,-,-
29,F du Plessis,2302,1828,278.0,67.0,655.0,4.0,34.0,77,125.93,12.99,35.83,15.21,44.16,29.9,128.36601307189542,195.04132231404958,F du Plessis,25.0,-,-
30,SS Iyer,2200,1802,272.0,73.0,691.0,5.0,31.0,78,122.09,6.41,38.35,15.09,39.74,28.21,104.199066874028,179.83870967741936,SS Iyer,35.0,-,-
31,R Dravid,2174,1918,297.0,77.0,819.0,2.0,32.0,82,113.35,6.1,42.7,15.48,39.02,26.51,105.84795321637428,177.77777777777777,R Dravid,56.0,-,-
32,RA Jadeja,2159,1774,233.0,88.0,634.0,9.0,19.0,136,121.7,35.29,35.74,13.13,13.97,15.88,115.55555555555554,145.8937198067633,RA Jadeja,76.0,40.0,5.0
33,RR Pant,2079,1416,287.0,59.0,494.0,6.0,32.0,68,146.82,13.24,34.89,20.27,47.06,30.57,110.9090909090909,211.70212765957447,RR Pant,7.0,-,-
34,AC Gilchrist,2069,1555,331.0,76.0,737.0,7.0,26.0,80,133.05,5.0,47.4,21.29,32.5,25.86,128.24074074074073,208.0,AC Gilchrist,24.0,-,-
35,JP Duminy,2029,1680,205.0,49.0,562.0,4.0,27.0,75,120.77,34.67,33.45,12.2,36.0,27.05,94.0,177.1144278606965,JP Duminy,44.0,92.0,10.0
36,SA Yadav,2024,1536,279.0,65.0,562.0,5.0,27.0,86,131.77,24.42,36.59,18.16,31.4,23.53,138.76146788990826,165.74585635359117,SA Yadav,34.0,-,-
37,AJ Finch,2005,1622,279.0,78.0,711.0,5.0,26.0,85,123.61,8.24,43.83,17.2,30.59,23.59,111.70351105331599,156.15384615384616,AJ Finch,49.0,-,-
38,WP Saha,1979,1541,248.0,78.0,571.0,4.0,21.0,97,128.42,19.59,37.05,16.09,21.65,20.4,133.86138613861388,156.50557620817844,WP Saha,52.0,-,-
39,MEK Hussey,1977,1648,250.0,52.0,643.0,12.0,28.0,58,119.96,10.34,39.02,15.17,48.28,34.09,104.67762326169405,186.36363636363635,MEK Hussey,38.0,-,-
40,Q de Kock,1959,1499,277.0,60.0,618.0,3.0,27.0,66,130.69,9.09,41.23,18.48,40.91,29.68,128.03837953091684,154.2857142857143,Q de Kock,23.0,-,-
41,DA Miller,1850,1374,213.0,54.0,465.0,3.0,23.0,77,134.64,29.87,33.84,15.5,29.87,24.03,89.70588235294117,181.53846153846155,DA Miller,30.0,-,-
42,DPMD Jayawardene,1802,1520,239.0,63.0,618.0,5.0,23.0,78,118.55,19.23,40.66,15.72,29.49,23.1,116.57032755298651,169.1891891891892,DPMD Jayawardene,63.0,-,-
43,JC Buttler,1714,1184,244.0,48.0,453.0,6.0,18.0,57,144.76,15.79,38.26,20.61,31.58,30.07,150.0,162.26415094339623,JC Buttler,15.0,-,-
44,MK Tiwary,1695,1489,196.0,61.0,571.0,3.0,25.0,83,113.83,26.51,38.35,13.16,30.12,20.42,96.55172413793103,148.2248520710059,MK Tiwary,79.0,-,-
45,MA Agarwal,1690,1310,228.0,78.0,523.0,2.0,20.0,83,129.01,6.02,39.92,17.4,24.1,20.36,115.49100968188104,222.38805970149252,MA Agarwal,56.0,-,-
46,KC Sangakkara,1687,1424,222.0,69.0,552.0,5.0,23.0,68,118.47,-1.47,38.76,15.59,33.82,24.81,111.53846153846155,152.68817204301075,KC Sangakkara,60.0,-,-
47,Mandeep Singh,1659,1364,207.0,78.0,524.0,3.0,18.0,90,121.63,13.33,38.42,15.18,20.0,18.43,113.95793499043978,155.98086124401914,Mandeep Singh,75.0,-,-
48,KS Williamson,1619,1222,191.0,41.0,389.0,4.0,22.0,52,132.49,21.15,31.83,15.63,42.31,31.13,106.9767441860465,163.47305389221555,KS Williamson,22.0,-,-
49,NV Ojha,1554,1360,200.0,74.0,648.0,1.0,11.0,94,114.26,21.28,47.65,14.71,11.7,16.53,98.2107355864811,136.6812227074236,NV Ojha,102.0,-,-
50,AD Russell,1517,882,234.0,50.0,357.0,11.0,23.0,61,172.0,18.03,40.48,26.53,37.7,24.87,229.99999999999997,201.5151515151515,AD Russell,18.0,132.0,14.0
51,GJ Maxwell,1505,1013,210.0,69.0,398.0,5.0,19.0,78,148.57,11.54,39.29,20.73,24.36,19.29,120.83333333333333,159.48275862068965,GJ Maxwell,43.0,184.0,43.0
52,DJ Bravo,1490,1199,177.0,65.0,479.0,3.0,15.0,101,124.27,35.64,39.95,14.76,14.85,14.75,106.03448275862068,179.66101694915255,DJ Bravo,84.0,60.0,11.0
53,KK Nair,1480,1174,199.0,63.0,465.0,3.0,20.0,66,126.06,4.55,39.61,16.95,30.3,22.42,120.0,190.8256880733945,KK Nair,53.0,-,-
54,S Badrinath,1441,1245,182.0,48.0,493.0,1.0,23.0,65,115.74,26.15,39.6,14.62,35.38,22.17,73.98373983739837,157.41626794258374,S Badrinath,71.0,-,-
55,N Rana,1437,1093,199.0,53.0,451.0,4.0,17.0,55,131.47,3.64,41.26,18.21,30.91,26.13,111.28526645768024,175.86206896551724,N Rana,40.0,183.0,40.0
56,BJ Hodge,1400,1153,165.0,46.0,439.0,6.0,21.0,63,121.42,26.98,38.07,14.31,33.33,22.22,87.57396449704143,161.96721311475412,BJ Hodge,66.0,105.0,21.0
57,SS Tiwary,1379,1192,149.0,48.0,450.0,0.0,18.0,69,115.69,30.43,37.75,12.5,26.09,19.99,95.67901234567901,145.16129032258064,SS Tiwary,85.0,-,-
58,HH Pandya,1349,897,179.0,47.0,329.0,6.0,15.0,74,150.39,36.49,36.68,19.96,20.27,18.23,48.64864864864865,177.91932059447984,HH Pandya,51.0,169.0,37.0
59,SC Ganguly,1349,1326,179.0,54.0,662.0,5.0,21.0,56,101.73,3.57,49.92,13.5,37.5,24.09,97.96296296296296,160.56338028169014,SC Ganguly,87.0,196.0,66.0
60,DJ Hussey,1322,1101,150.0,49.0,425.0,2.0,19.0,61,120.07,19.67,38.6,13.62,31.15,21.67,112.60504201680672,172.0496894409938,DJ Hussey,72.0,249.0,84.0
61,CA Lynn,1280,938,191.0,37.0,401.0,4.0,19.0,41,136.46,9.76,42.75,20.36,46.34,31.22,142.11502782931353,125.0,CA Lynn,26.0,-,-
62,EJG Morgan,1272,1037,162.0,49.0,441.0,1.0,18.0,59,122.66,16.95,42.53,15.62,30.51,21.56,87.35632183908046,171.6216216216216,EJG Morgan,69.0,-,-
63,Ishan Kishan,1211,907,164.0,40.0,359.0,2.0,17.0,46,133.52,13.04,39.58,18.08,36.96,26.33,118.12297734627832,201.61290322580646,Ishan Kishan,37.0,-,-
64,TM Dilshan,1153,1047,164.0,41.0,492.0,1.0,17.0,50,110.12,18.0,46.99,15.66,34.0,23.06,107.01754385964912,172.3404255319149,TM Dilshan,88.0,231.0,82.0
65,KM Jadhav,1141,947,137.0,50.0,352.0,2.0,11.0,75,120.49,33.33,37.17,14.47,14.67,15.21,80.72289156626506,138.15384615384616,KM Jadhav,97.0,-,-
66,IK Pathan,1139,981,124.0,53.0,372.0,2.0,9.0,82,116.11,35.37,37.92,12.64,10.98,13.89,124.61538461538461,148.1578947368421,IK Pathan,124.0,59.0,25.0
67,ML Hayden,1107,838,165.0,27.0,366.0,4.0,17.0,32,132.1,15.62,43.68,19.69,53.12,34.59,124.53222453222452,183.33333333333331,ML Hayden,33.0,-,-
68,LMP Simmons,1079,878,153.0,27.0,402.0,3.0,17.0,29,122.89,6.9,45.79,17.43,58.62,37.21,112.91666666666667,123.07692307692308,LMP Simmons,48.0,-,-
69,LRPL Taylor,1017,847,112.0,41.0,334.0,3.0,11.0,54,120.07,24.07,39.43,13.22,20.37,18.83,124.0,158.86524822695037,LRPL Taylor,91.0,-,-
70,M Vohra,1012,800,136.0,42.0,358.0,3.0,15.0,45,126.5,6.67,44.75,17.0,33.33,22.49,123.26043737574552,200.0,M Vohra,63.0,-,-
71,KP Pietersen,1001,758,131.0,29.0,290.0,3.0,15.0,36,132.06,19.44,38.26,17.28,41.67,27.81,130.2325581395349,196.42857142857142,KP Pietersen,41.0,158.0,31.0
72,KH Pandya,1000,727,135.0,38.0,274.0,4.0,14.0,57,137.55,33.33,37.69,18.57,24.56,17.54,136.8421052631579,162.87128712871285,KH Pandya,67.0,55.0,8.0
73,RA Tripathi,988,756,132.0,37.0,296.0,2.0,14.0,44,130.69,15.91,39.15,17.46,31.82,22.45,138.66666666666669,160.29411764705884,RA Tripathi,59.0,-,-
74,Y Venugopal Rao,985,865,114.0,42.0,355.0,0.0,11.0,52,113.87,19.23,41.04,13.18,21.15,18.94,74.50980392156863,150.2415458937198,Y Venugopal Rao,104.0,271.0,102.0
75,A Symonds,974,781,115.0,26.0,308.0,3.0,14.0,36,124.71,27.78,39.44,14.72,38.89,27.06,83.72093023255815,155.19480519480518,A Symonds,58.0,115.0,22.0
76,JA Morkel,974,711,116.0,40.0,252.0,2.0,7.0,67,136.99,40.3,35.44,16.32,10.45,14.54,130.76923076923077,155.16304347826087,JA Morkel,82.0,72.0,16.0
77,MC Henriques,969,769,114.0,35.0,272.0,2.0,12.0,50,126.01,30.0,35.37,14.82,24.0,19.38,111.80555555555556,175.9493670886076,MC Henriques,78.0,134.0,34.0
78,CL White,954,769,112.0,35.0,274.0,1.0,15.0,45,124.06,22.22,35.63,14.56,33.33,21.2,78.26086956521739,183.76623376623377,CL White,74.0,-,-
79,Shubman Gill,939,766,111.0,27.0,263.0,2.0,13.0,37,122.58,27.03,34.33,14.49,35.14,25.38,117.53846153846155,130.76923076923077,Shubman Gill,68.0,-,-
80,BA Stokes,920,700,111.0,38.0,244.0,5.0,11.0,40,131.43,5.0,34.86,15.86,27.5,23.0,131.3186813186813,141.86046511627907,BA Stokes,61.0,167.0,44.0
81,AR Patel,913,745,96.0,51.0,257.0,5.0,8.0,71,122.55,28.17,34.5,12.89,11.27,12.86,84.61538461538461,144.40677966101697,AR Patel,126.0,38.0,20.0
82,SP Narine,892,573,155.0,49.0,277.0,9.0,10.0,63,155.67,22.22,48.34,27.05,15.87,14.16,169.27083333333331,84.21052631578947,SP Narine,74.0,2.0,2.0
83,HH Gibbs,886,837,114.0,32.0,410.0,1.0,11.0,36,105.85,11.11,48.98,13.62,30.56,24.61,102.2883295194508,169.44444444444443,HH Gibbs,98.0,-,-
84,STR Binny,880,700,101.0,44.0,268.0,0.0,10.0,66,125.71,33.33,38.29,14.43,15.15,13.33,72.0,157.00934579439252,STR Binny,108.0,111.0,36.0
85,Harbhajan Singh,829,632,121.0,56.0,284.0,8.0,6.0,86,131.17,34.88,44.94,19.15,6.98,9.64,114.81481481481481,149.4818652849741,Harbhajan Singh,118.0,9.0,9.0
86,PP Shaw,826,605,126.0,37.0,246.0,2.0,9.0,38,136.53,2.63,40.66,20.83,23.68,21.74,130.9133489461358,150.0,PP Shaw,65.0,-,-
87,MP Stoinis,825,623,99.0,30.0,218.0,4.0,11.0,42,132.42,28.57,34.99,15.89,26.19,19.64,107.6086956521739,158.06451612903226,MP Stoinis,70.0,218.0,70.0
88,MS Bisla,798,737,116.0,37.0,375.0,1.0,6.0,39,108.28,5.13,50.88,15.74,15.38,20.46,103.04347826086956,160.0,MS Bisla,127.0,-,-
89,JM Bairstow,790,576,110.0,20.0,231.0,3.0,11.0,21,137.15,4.76,40.1,19.1,52.38,37.62,127.17770034843205,130.0,JM Bairstow,36.0,-,-
90,ST Jayasuriya,768,573,123.0,29.0,292.0,2.0,10.0,30,134.03,3.33,50.96,21.47,33.33,25.6,127.54342431761788,0.0,ST Jayasuriya,54.0,146.0,32.0
91,Shakib Al Hasan,746,613,90.0,34.0,222.0,2.0,6.0,46,121.7,26.09,36.22,14.68,13.04,16.22,97.22222222222221,141.30434782608697,Shakib Al Hasan,112.0,34.0,12.0
92,GC Smith,739,691,103.0,30.0,320.0,2.0,9.0,29,106.95,-3.45,46.31,14.91,31.03,25.48,93.26683291770573,150.0,GC Smith,100.0,-,-
93,AD Mathews,724,599,73.0,31.0,207.0,1.0,8.0,41,120.87,24.39,34.56,12.19,19.51,17.66,58.82352941176471,144.39461883408072,AD Mathews,106.0,162.0,62.0
94,TL Suman,676,587,81.0,30.0,255.0,1.0,6.0,39,115.16,23.08,43.44,13.8,15.38,17.33,100.0,124.67532467532467,TL Suman,130.0,194.0,85.0
95,AM Nayar,672,588,75.0,39.0,234.0,0.0,6.0,50,114.29,22.0,39.8,12.76,12.0,13.44,85.52631578947368,158.86524822695037,AM Nayar,137.0,204.0,90.0
96,GJ Bailey,663,552,78.0,29.0,207.0,1.0,8.0,36,120.11,19.44,37.5,14.13,22.22,18.42,100.0,181.64556962025316,GJ Bailey,108.0,-,-
97,V Shankar,654,528,69.0,21.0,175.0,0.0,7.0,32,123.86,34.38,33.14,13.07,21.88,20.44,70.27027027027027,167.6056338028169,V Shankar,92.0,220.0,80.0
98,DJ Hooda,625,504,61.0,35.0,172.0,1.0,5.0,50,124.01,30.0,34.13,12.1,10.0,12.5,10.0,141.3793103448276,DJ Hooda,134.0,236.0,98.0
99,JD Ryder,604,466,88.0,29.0,200.0,1.0,8.0,29,129.61,0.0,42.92,18.88,27.59,20.83,131.73652694610777,147.36842105263156,JD Ryder,80.0,181.0,58.0
100,PP Chawla,584,541,72.0,50.0,245.0,3.0,0.0,75,107.95,33.33,45.29,13.31,0.0,7.79,115.38461538461537,121.90476190476191,PP Chawla,194.0,29.0,40.0
101,HM Amla,577,418,81.0,13.0,150.0,2.0,6.0,16,138.04,18.75,35.89,19.38,37.5,36.06,126.6990291262136,202.5,HM Amla,47.0,-,-
102,CH Morris,551,360,69.0,24.0,112.0,2.0,5.0,42,153.06,42.86,31.11,19.17,11.9,13.12,242.85714285714283,170.12987012987014,CH Morris,95.0,25.0,6.0
103,CJ Anderson,538,436,71.0,22.0,200.0,3.0,7.0,29,123.39,24.14,45.87,16.28,24.14,18.55,81.25,184.41558441558442,CJ Anderson,100.0,273.0,100.0
104,RS Bopara,531,468,55.0,19.0,175.0,1.0,6.0,22,113.46,13.64,37.39,11.75,27.27,24.14,84.9673202614379,157.5,RS Bopara,109.0,199.0,77.0
105,JP Faulkner,527,405,59.0,27.0,144.0,5.0,6.0,45,130.12,40.0,35.56,14.57,13.33,11.71,73.68421052631578,157.48987854251013,JP Faulkner,128.0,136.0,60.0
106,N Pooran,521,323,72.0,17.0,124.0,0.0,8.0,20,161.3,15.0,38.39,22.29,40.0,26.05,147.82608695652172,139.72602739726028,N Pooran,50.0,-,-
107,M Manhas,514,486,53.0,24.0,197.0,0.0,5.0,38,105.76,36.84,40.53,10.91,13.16,13.53,83.63636363636363,132.46753246753246,M Manhas,150.0,-,-
108,Gurkeerat Singh,511,436,66.0,27.0,170.0,0.0,3.0,32,117.2,15.62,38.99,15.14,9.38,15.97,89.74358974358975,154.6153846153846,Gurkeerat Singh,139.0,125.0,60.0
109,OA Shah,506,405,57.0,13.0,149.0,0.0,6.0,22,124.94,40.91,36.79,14.07,27.27,23.0,127.77777777777777,146.3768115942029,OA Shah,90.0,-,-
110,PC Valthaty,505,432,81.0,22.0,230.0,2.0,5.0,23,116.9,4.35,53.24,18.75,21.74,21.96,107.58620689655172,207.6923076923077,PC Valthaty,114.0,207.0,84.0
111,D Padikkal,473,398,59.0,14.0,149.0,0.0,8.0,15,118.84,6.67,37.44,14.82,53.33,31.53,123.74429223744292,0.0,D Padikkal,80.0,-,-
112,DT Christian,446,384,41.0,24.0,132.0,0.0,2.0,34,116.15,29.41,34.38,10.68,5.88,13.12,50.0,138.88888888888889,DT Christian,161.0,107.0,62.0
113,SN Khan,441,321,61.0,20.0,106.0,0.0,6.0,25,137.38,20.0,33.02,19.0,24.0,17.64,128.57142857142858,171.7741935483871,SN Khan,89.0,-,-
114,E Lewis,430,343,62.0,16.0,167.0,0.0,7.0,16,125.36,0.0,48.69,18.08,43.75,26.88,134.14634146341464,0.0,E Lewis,77.0,-,-
115,SA Asnodkar,423,352,66.0,19.0,164.0,1.0,7.0,19,120.17,0.0,46.59,18.75,36.84,22.26,128.7037037037037,0.0,SA Asnodkar,99.0,-,-
116,NLTC Perera,422,324,49.0,24.0,129.0,0.0,5.0,30,130.25,20.0,39.81,15.12,16.67,14.07,112.5,150.34965034965035,NLTC Perera,116.0,172.0,70.0
117,JR Hopes,417,314,60.0,17.0,120.0,0.0,4.0,19,132.8,10.53,38.22,19.11,21.05,21.95,121.01449275362319,139.4736842105263,JR Hopes,86.0,241.0,87.0
118,R Ashwin,412,384,46.0,36.0,156.0,3.0,2.0,55,107.29,34.55,40.62,11.98,3.64,7.49,46.15384615384615,120.34632034632035,R Ashwin,181.0,5.0,26.0
119,J Botha,409,364,44.0,22.0,138.0,1.0,4.0,28,112.36,21.43,37.91,12.09,14.29,14.61,83.33333333333334,137.75510204081633,J Botha,147.0,50.0,30.0
120,LR Shukla,405,358,49.0,29.0,152.0,1.0,3.0,33,113.13,12.12,42.46,13.69,9.09,12.27,40.0,137.95620437956205,LR Shukla,164.0,164.0,88.0
121,AL Menaria,401,367,42.0,22.0,152.0,0.0,5.0,23,109.26,4.35,41.42,11.44,21.74,17.43,100.0,121.53846153846153,AL Menaria,142.0,224.0,96.0
122,MV Boucher,394,318,45.0,15.0,116.0,2.0,6.0,23,123.9,34.78,36.48,14.15,26.09,17.13,91.66666666666666,157.01754385964912,MV Boucher,117.0,-,-
123,CA Pujara,390,403,54.0,18.0,200.0,0.0,4.0,22,96.77,18.18,49.63,13.4,18.18,17.73,91.10169491525424,133.33333333333331,CA Pujara,152.0,-,-
124,Azhar Mahmood,388,311,52.0,19.0,124.0,2.0,5.0,21,124.76,9.52,39.87,16.72,23.81,18.48,91.66666666666666,150.0,Azhar Mahmood,113.0,64.0,24.0
125,DB Ravi Teja,375,325,44.0,20.0,124.0,0.0,5.0,25,115.38,20.0,38.15,13.54,20.0,15.0,88.33333333333333,134.06593406593404,DB Ravi Teja,140.0,-,-
126,S Sohal,368,311,52.0,18.0,158.0,1.0,6.0,20,118.33,10.0,50.8,16.72,30.0,18.4,117.22689075630252,44.44444444444444,S Sohal,131.0,-,-
127,R Tewatia,366,280,44.0,13.0,106.0,1.0,4.0,23,130.71,43.48,37.86,15.71,17.39,15.91,85.71428571428571,178.4,R Tewatia,115.0,42.0,17.0
128,P Negi,365,301,43.0,26.0,124.0,2.0,3.0,35,121.26,25.71,41.2,14.29,8.57,10.43,66.66666666666666,136.14457831325302,P Negi,155.0,84.0,49.0
129,A Mishra,362,410,34.0,30.0,182.0,11.0,2.0,54,88.29,44.44,44.39,8.29,3.7,6.7,20.0,107.17703349282297,A Mishra,203.0,8.0,33.0
130,R Bhatia,342,290,37.0,29.0,110.0,1.0,0.0,47,117.93,38.3,37.93,12.76,0.0,7.28,0.0,151.65562913907286,R Bhatia,191.0,53.0,52.0
131,P Kumar,340,323,39.0,34.0,158.0,2.0,1.0,57,105.26,40.35,48.92,12.07,1.75,5.96,75.0,108.4,P Kumar,201.0,54.0,55.0
132,AP Tare,339,285,51.0,24.0,142.0,1.0,2.0,27,118.95,11.11,49.82,17.89,7.41,12.56,105.60747663551402,161.9047619047619,AP Tare,165.0,-,-
133,SW Billings,334,256,41.0,19.0,91.0,1.0,3.0,19,130.47,0.0,35.55,16.02,15.79,17.58,128.4090909090909,175.75757575757575,SW Billings,124.0,-,-
134,JEC Franklin,327,309,34.0,11.0,124.0,1.0,3.0,16,105.83,31.25,40.13,11.0,18.75,20.44,82.29166666666666,150.0,JEC Franklin,145.0,228.0,100.0
135,RN ten Doeschate,326,238,41.0,17.0,80.0,0.0,4.0,21,136.97,19.05,33.61,17.23,19.05,15.52,85.71428571428571,170.79646017699116,RN ten Doeschate,110.0,216.0,86.0
136,KV Sharma,317,285,32.0,21.0,116.0,1.0,2.0,34,111.23,38.24,40.7,11.23,5.88,9.32,77.77777777777779,128.47682119205297,KV Sharma,185.0,57.0,51.0
137,R Vinay Kumar,310,289,30.0,26.0,118.0,3.0,0.0,42,107.27,38.1,40.83,10.38,0.0,7.38,0.0,115.45893719806763,R Vinay Kumar,206.0,83.0,72.0
138,MM Ali,309,199,44.0,13.0,75.0,0.0,4.0,17,155.28,23.53,37.69,22.11,23.53,18.18,90.0,144.11764705882354,MM Ali,94.0,96.0,28.0
139,DB Das,304,267,39.0,12.0,124.0,0.0,2.0,22,113.86,45.45,46.44,14.61,9.09,13.82,105.45454545454544,126.19047619047619,DB Das,169.0,-,-
140,C de Grandhomme,303,229,36.0,15.0,86.0,0.0,5.0,21,132.31,28.57,37.55,15.72,23.81,14.43,50.0,132.03883495145632,C de Grandhomme,123.0,250.0,100.0
141,LA Pomersbach,302,251,38.0,11.0,109.0,0.0,3.0,16,120.32,31.25,43.43,15.14,18.75,18.88,128.39506172839506,168.57142857142858,LA Pomersbach,136.0,-,-
142,UBT Chand,300,314,41.0,20.0,170.0,0.0,3.0,20,95.54,0.0,54.14,13.06,15.0,15.0,80.53691275167785,87.5,UBT Chand,171.0,-,-
143,DJG Sammy,295,251,33.0,15.0,108.0,1.0,1.0,20,117.53,25.0,43.03,13.15,5.0,14.75,133.33333333333331,147.36842105263156,DJG Sammy,168.0,232.0,106.0
144,SP Goswami,293,307,35.0,20.0,144.0,1.0,3.0,21,95.44,4.76,46.91,11.4,14.29,13.95,92.61363636363636,73.33333333333333,SP Goswami,174.0,-,-
145,Y Nagar,285,271,29.0,15.0,113.0,0.0,1.0,20,105.17,25.0,41.7,10.7,5.0,14.25,66.66666666666666,136.69724770642202,Y Nagar,183.0,287.0,112.0
146,GH Vihari,284,331,24.0,20.0,146.0,2.0,3.0,23,85.8,13.04,44.11,7.25,13.04,12.35,64.13043478260869,103.77358490566037,GH Vihari,189.0,-,-
147,VVS Laxman,282,271,38.0,16.0,123.0,0.0,4.0,20,104.06,20.0,45.39,14.02,20.0,14.1,97.90575916230367,50.0,VVS Laxman,167.0,-,-
148,SM Curran,281,200,40.0,12.0,84.0,1.0,3.0,19,140.5,36.84,42.0,20.0,15.79,14.79,128.30188679245282,183.33333333333331,SM Curran,120.0,173.0,73.0
149,A Ashish Reddy,280,196,31.0,15.0,61.0,0.0,2.0,23,142.86,34.78,31.12,15.82,8.7,12.17,71.42857142857143,148.8372093023256,A Ashish Reddy,138.0,171.0,78.0
150,B Chipli,280,256,35.0,16.0,110.0,0.0,2.0,21,109.38,23.81,42.97,13.67,9.52,13.33,69.62025316455697,177.27272727272728,B Chipli,176.0,-,-
151,MJ Lumb,278,198,51.0,10.0,96.0,1.0,5.0,12,140.4,16.67,48.48,25.76,41.67,23.17,143.312101910828,0.0,MJ Lumb,83.0,-,-
152,SO Hetmyer,275,203,34.0,13.0,80.0,1.0,3.0,16,135.47,18.75,39.41,16.75,18.75,17.19,100.0,181.8181818181818,SO Hetmyer,122.0,-,-
153,MJ Guptill,270,196,39.0,12.0,88.0,0.0,5.0,13,137.76,7.69,44.9,19.9,38.46,20.77,139.74358974358972,0.0,MJ Guptill,92.0,-,-
154,R Sathish,270,236,28.0,16.0,92.0,0.0,0.0,24,114.41,33.33,38.98,11.86,0.0,11.25,0.0,138.83495145631068,R Sathish,196.0,288.0,113.0
155,M Kaif,259,258,28.0,16.0,120.0,0.0,2.0,22,100.39,27.27,46.51,10.85,9.09,11.77,56.41025641025641,116.12903225806453,M Kaif,195.0,-,-
156,R Parag,246,214,31.0,10.0,88.0,0.0,4.0,13,114.95,23.08,41.12,14.49,30.77,18.92,0.0,177.96610169491524,R Parag,142.0,272.0,107.0
157,SM Katich,241,191,34.0,10.0,85.0,1.0,3.0,11,126.18,9.09,44.5,17.8,27.27,21.91,131.8181818181818,130.76923076923077,SM Katich,122.0,-,-
158,BCJ Cutting,238,146,34.0,11.0,58.0,1.0,2.0,17,163.01,35.29,39.73,23.29,11.76,14.0,0.0,182.45614035087718,BCJ Cutting,133.0,254.0,104.0
159,MD Mishra,237,213,32.0,15.0,102.0,1.0,2.0,17,111.27,11.76,47.89,15.02,11.76,13.94,100.78125,153.33333333333334,MD Mishra,175.0,-,-
160,MR Marsh,225,202,23.0,13.0,85.0,1.0,3.0,15,111.39,13.33,42.08,11.39,20.0,15.0,0.0,132.43243243243242,MR Marsh,166.0,94.0,57.0
161,PJ Cummins,223,176,26.0,13.0,75.0,1.0,2.0,19,126.7,31.58,42.61,14.77,10.53,11.74,0.0,162.92134831460675,PJ Cummins,160.0,127.0,69.0
162,K Goel,218,239,26.0,14.0,130.0,0.0,1.0,16,91.21,12.5,54.39,10.88,6.25,13.62,96.3855421686747,96.0,K Goel,204.0,283.0,114.0
163,AA Jhunjhunwala,217,218,24.0,14.0,98.0,1.0,2.0,15,99.54,6.67,44.95,11.01,13.33,14.47,66.66666666666666,132.5,AA Jhunjhunwala,183.0,275.0,110.0
164,TM Head,205,151,20.0,6.0,43.0,0.0,4.0,10,135.76,40.0,28.48,13.25,40.0,20.5,58.82352941176471,184.31372549019608,TM Head,105.0,-,-
165,CA Ingram,205,183,27.0,12.0,78.0,0.0,2.0,15,112.02,20.0,42.62,14.75,13.33,13.67,77.77777777777779,151.42857142857142,CA Ingram,177.0,-,-
166,RD Gaikwad,204,173,22.0,3.0,61.0,3.0,3.0,6,117.92,50.0,35.26,12.72,50.0,34.0,97.05882352941177,136.36363636363635,RD Gaikwad,119.0,-,-
167,PD Collingwood,203,159,22.0,4.0,60.0,1.0,3.0,7,127.67,42.86,37.74,13.84,42.86,29.0,136.8421052631579,178.3783783783784,PD Collingwood,96.0,137.0,47.0
168,SK Warne,198,219,20.0,19.0,105.0,4.0,1.0,27,90.41,29.63,47.95,9.13,3.7,7.33,0.0,100.0,SK Warne,214.0,16.0,46.0
169,SP Fleming,196,171,30.0,9.0,86.0,0.0,3.0,10,114.62,10.0,50.29,17.54,30.0,19.6,106.19469026548674,0.0,SP Fleming,148.0,-,-
170,JC Archer,195,128,25.0,13.0,46.0,1.0,0.0,21,152.34,38.1,35.94,19.53,0.0,9.29,0.0,166.01941747572815,JC Archer,164.0,11.0,23.0
171,AS Raut,194,172,20.0,11.0,67.0,0.0,2.0,16,112.79,31.25,38.95,11.63,12.5,12.12,116.66666666666667,132.0987654320988,AS Raut,187.0,-,-
172,Salman Butt,193,172,32.0,7.0,86.0,0.0,2.0,7,112.21,0.0,50.0,18.6,28.57,27.57,98.11320754716981,200.0,Salman Butt,144.0,-,-
173,BJ Rohrer,193,145,26.0,6.0,56.0,0.0,3.0,8,133.1,25.0,38.62,17.93,37.5,24.12,0.0,235.48387096774195,BJ Rohrer,104.0,-,-
174,YV Takawale,192,183,29.0,8.0,100.0,0.0,2.0,10,104.92,20.0,54.64,15.85,20.0,19.2,88.32116788321169,223.0769230769231,YV Takawale,172.0,-,-
175,Bipul Sharma,187,124,20.0,6.0,34.0,0.0,1.0,17,150.81,64.71,27.42,16.13,5.88,11.0,0.0,155.10204081632654,Bipul Sharma,151.0,151.0,75.0
176,K Gowtham,186,113,25.0,13.0,42.0,0.0,1.0,19,164.6,31.58,37.17,22.12,5.26,9.79,200.0,190.1639344262295,K Gowtham,154.0,203.0,92.0
177,Washington Sundar,186,154,21.0,12.0,58.0,1.0,2.0,21,120.78,42.86,37.66,13.64,9.52,8.86,0.0,144.82758620689654,Washington Sundar,178.0,46.0,42.0
178,FY Fazal,183,179,23.0,9.0,74.0,0.0,3.0,11,102.23,18.18,41.34,12.85,27.27,16.64,92.6829268292683,120.0,FY Fazal,173.0,-,-
179,B Kumar,183,199,20.0,24.0,96.0,5.0,0.0,42,91.96,42.86,48.24,10.05,0.0,4.36,0.0,100.0,B Kumar,222.0,6.0,44.0
180,CR Brathwaite,181,120,26.0,14.0,53.0,1.0,2.0,14,150.83,0.0,44.17,21.67,14.29,12.93,0.0,183.11688311688312,CR Brathwaite,141.0,225.0,96.0
181,AC Voges,181,143,18.0,6.0,44.0,1.0,2.0,7,126.57,14.29,30.77,12.59,28.57,25.86,77.77777777777779,150.0,AC Voges,129.0,-,-
182,AB Agarkar,179,160,18.0,8.0,60.0,0.0,1.0,18,111.87,55.56,37.5,11.25,5.56,9.94,133.33333333333331,129.76190476190476,AB Agarkar,205.0,189.0,105.0
183,JJ Roy,179,139,26.0,6.0,60.0,1.0,2.0,8,128.78,25.0,43.17,18.71,25.0,22.38,115.625,170.0,JJ Roy,135.0,-,-
184,MF Maharoof,177,124,21.0,10.0,44.0,1.0,1.0,14,142.74,28.57,35.48,16.94,7.14,12.64,0.0,171.6216216216216,MF Maharoof,156.0,32.0,27.0
185,C Munro,177,144,27.0,9.0,68.0,0.0,2.0,11,122.92,18.18,47.22,18.75,18.18,16.09,142.3913043478261,66.66666666666666,C Munro,158.0,-,-
186,DH Yagnik,170,142,25.0,9.0,62.0,0.0,2.0,17,119.72,47.06,43.66,17.61,11.76,10.0,0.0,129.5774647887324,DH Yagnik,180.0,-,-
187,S Dube,169,142,18.0,11.0,59.0,0.0,0.0,13,119.01,15.38,41.55,12.68,0.0,13.0,0.0,154.0,S Dube,194.0,191.0,103.0
188,CM Gautam,169,158,23.0,9.0,84.0,0.0,3.0,13,106.96,30.77,53.16,14.56,23.08,13.0,106.25,121.62162162162163,CM Gautam,186.0,-,-
189,DW Steyn,167,163,17.0,22.0,72.0,5.0,0.0,33,102.45,33.33,44.17,10.43,0.0,5.06,0.0,112.85714285714286,DW Steyn,218.0,4.0,38.0
190,MN van Wyk,167,135,20.0,3.0,44.0,0.0,3.0,5,123.7,40.0,32.59,14.81,60.0,33.4,103.7037037037037,154.2857142857143,MN van Wyk,112.0,-,-
191,MG Johnson,167,168,17.0,14.0,80.0,2.0,0.0,28,99.4,50.0,47.62,10.12,0.0,5.96,0.0,105.67375886524823,MG Johnson,220.0,80.0,74.0
192,S Gopal,164,161,18.0,12.0,64.0,2.0,0.0,19,101.86,36.84,39.75,11.18,0.0,8.63,0.0,128.75,S Gopal,216.0,50.0,61.0
193,PA Reddy,164,167,17.0,10.0,72.0,0.0,1.0,10,98.2,0.0,43.11,10.18,10.0,16.4,93.63636363636364,300.0,PA Reddy,198.0,-,-
194,MN Samuels,161,174,16.0,12.0,86.0,1.0,2.0,14,92.53,14.29,49.43,9.2,14.29,11.5,34.61538461538461,158.33333333333331,MN Samuels,209.0,154.0,94.0
195,R McLaren,159,178,15.0,8.0,76.0,1.0,2.0,13,89.33,38.46,42.7,8.43,15.38,12.23,63.1578947368421,110.00000000000001,R McLaren,210.0,245.0,109.0
196,RE van der Merwe,159,144,19.0,12.0,66.0,0.0,2.0,15,110.42,20.0,45.83,13.19,13.33,10.6,97.2972972972973,127.02702702702702,RE van der Merwe,200.0,41.0,50.0
197,R Dhawan,153,135,17.0,7.0,56.0,0.0,0.0,16,113.33,56.25,41.48,12.59,0.0,9.56,0.0,130.26315789473685,R Dhawan,212.0,144.0,91.0
198,AD Hales,148,119,19.0,6.0,48.0,0.0,3.0,6,124.37,0.0,40.34,15.97,50.0,24.67,139.02439024390242,0.0,AD Hales,132.0,-,-
199,SM Pollock,147,116,20.0,8.0,47.0,2.0,2.0,8,126.72,0.0,40.52,17.24,25.0,18.38,16.666666666666664,194.5945945945946,SM Pollock,146.0,51.0,30.0
200,Mohammad Nabi,146,102,20.0,9.0,38.0,0.0,1.0,11,143.14,18.18,37.25,19.61,9.09,13.27,0.0,151.5625,Mohammad Nabi,157.0,65.0,38.0
201,S Vidyut,145,115,24.0,8.0,55.0,0.0,2.0,8,126.09,0.0,47.83,20.87,25.0,18.12,127.16049382716051,0.0,S Vidyut,149.0,-,-
202,Abhishek Sharma,143,104,18.0,8.0,37.0,0.0,2.0,13,137.5,38.46,35.58,17.31,15.38,11.0,0.0,156.89655172413794,Abhishek Sharma,159.0,268.0,108.0
203,N Saini,140,143,16.0,11.0,68.0,0.0,2.0,10,97.9,-10.0,47.55,11.19,20.0,14.0,93.02325581395348,100.0,N Saini,200.0,-,-
204,Sachin Baby,137,106,16.0,9.0,40.0,0.0,1.0,10,129.25,10.0,37.74,15.09,10.0,13.7,0.0,160.37735849056605,Sachin Baby,170.0,-,-
205,S Anirudha,136,121,16.0,8.0,54.0,1.0,1.0,12,112.4,33.33,44.63,13.22,8.33,11.33,86.66666666666667,144.44444444444443,S Anirudha,207.0,-,-
206,PK Garg,133,116,13.0,9.0,45.0,1.0,1.0,10,114.66,10.0,38.79,11.21,10.0,13.3,130.76923076923077,166.66666666666669,PK Garg,197.0,-,-
207,SB Styris,131,134,13.0,7.0,53.0,0.0,1.0,10,97.76,30.0,39.55,9.7,10.0,13.1,61.53846153846154,110.5263157894737,SB Styris,213.0,144.0,92.0
208,W Jaffer,130,129,17.0,7.0,64.0,0.0,2.0,8,100.78,12.5,49.61,13.18,25.0,16.25,81.05263157894737,0.0,W Jaffer,192.0,-,-
209,UT Khawaja,127,105,17.0,5.0,43.0,0.0,2.0,6,120.95,16.67,40.95,16.19,33.33,21.17,135.44303797468353,0.0,UT Khawaja,153.0,-,-
210,P Dogra,127,141,9.0,12.0,63.0,0.0,1.0,12,90.07,0.0,44.68,6.38,8.33,10.58,0.0,113.63636363636364,P Dogra,217.0,-,-
211,K Rabada,125,135,13.0,9.0,65.0,1.0,1.0,13,92.59,30.77,48.15,9.63,7.69,9.62,25.0,111.11111111111111,K Rabada,218.0,58.0,65.0
212,MC Juneja,125,134,12.0,7.0,54.0,0.0,1.0,7,93.28,0.0,40.3,8.96,14.29,17.86,111.11111111111111,55.55555555555556,MC Juneja,202.0,-,-
213,BB Samantray,125,116,15.0,5.0,48.0,0.0,2.0,8,107.76,37.5,41.38,12.93,25.0,15.62,68.18181818181817,124.0,BB Samantray,190.0,-,-
214,B Lee,124,102,16.0,10.0,46.0,2.0,0.0,19,121.57,47.37,45.1,15.69,0.0,6.53,0.0,130.0,B Lee,208.0,102.0,79.0
215,AB McDonald,123,103,13.0,5.0,38.0,0.0,2.0,9,119.42,44.44,36.89,12.62,22.22,13.67,157.89473684210526,120.0,AB McDonald,179.0,187.0,96.0
216,UT Yadav,122,135,15.0,14.0,70.0,8.0,0.0,34,90.37,58.82,51.85,11.11,0.0,3.59,0.0,97.34513274336283,UT Yadav,231.0,97.0,88.0
217,MM Sharma,122,120,13.0,14.0,54.0,2.0,0.0,25,101.67,44.0,45.0,10.83,0.0,4.88,0.0,101.38888888888889,MM Sharma,227.0,78.0,76.0
218,Niraj Patel,121,124,15.0,5.0,61.0,0.0,2.0,6,97.58,16.67,49.19,12.1,33.33,20.17,76.27118644067797,163.1578947368421,Niraj Patel,188.0,-,-
219,DL Vettori,121,118,13.0,7.0,46.0,1.0,0.0,16,102.54,56.25,38.98,11.02,0.0,7.56,0.0,115.09433962264151,DL Vettori,223.0,48.0,64.0
220,RJ Harris,117,112,9.0,12.0,46.0,1.0,0.0,21,104.46,42.86,41.07,8.04,0.0,5.57,0.0,117.8082191780822,RJ Harris,225.0,31.0,56.0
221,Z Khan,117,141,13.0,15.0,74.0,1.0,0.0,27,82.98,44.44,52.48,9.22,0.0,4.33,0.0,103.0612244897959,Z Khan,232.0,22.0,54.0
222,DJM Short,115,102,16.0,7.0,48.0,0.0,2.0,7,112.75,0.0,47.06,15.69,28.57,16.43,79.36507936507937,0.0,DJM Short,183.0,-,-
223,M Kartik,113,109,8.0,7.0,32.0,1.0,0.0,14,103.67,50.0,29.36,7.34,0.0,8.07,0.0,101.44927536231884,M Kartik,224.0,89.0,81.0
224,DJ Harris,111,103,16.0,3.0,52.0,0.0,2.0,4,107.77,25.0,50.49,15.53,50.0,27.75,86.36363636363636,0.0,DJ Harris,162.0,-,-
225,JDP Oram,106,110,11.0,8.0,50.0,1.0,1.0,11,96.36,27.27,45.45,10.0,9.09,9.64,0.0,135.13513513513513,JDP Oram,221.0,243.0,111.0
226,DS Kulkarni,104,113,9.0,9.0,50.0,0.0,0.0,20,92.04,55.0,44.25,7.96,0.0,5.2,0.0,101.04166666666667,DS Kulkarni,230.0,56.0,68.0
227,RJ Quiney,103,105,15.0,7.0,57.0,0.0,1.0,7,98.1,0.0,54.29,14.29,14.29,14.71,87.83783783783784,0.0,RJ Quiney,211.0,-,-
228,CJ Ferguson,98,119,9.0,6.0,58.0,0.0,0.0,8,82.35,25.0,48.74,7.56,0.0,12.25,70.83333333333334,100.0,CJ Ferguson,226.0,-,-
229,DJ Jacobs,92,101,14.0,7.0,62.0,0.0,1.0,7,91.09,0.0,61.39,13.86,14.29,13.14,89.24731182795699,0.0,DJ Jacobs,215.0,-,-
230,RT Ponting,91,129,7.0,8.0,69.0,0.0,0.0,9,70.54,11.11,53.49,5.43,0.0,10.11,60.0,0.0,RT Ponting,229.0,-,-
231,SL Malinga,88,103,11.0,12.0,59.0,6.0,0.0,20,85.44,40.0,57.28,10.68,0.0,4.4,0.0,86.95652173913044,SL Malinga,233.0,3.0,48.0
232,IR Jaggi,76,100,6.0,5.0,51.0,0.0,0.0,7,76.0,28.57,51.0,6.0,0.0,10.86,67.56756756756756,85.71428571428571,IR Jaggi,228.0,-,-
