,bowler,ball,No_of_Overs,Total_runs_given,Wickets,no_of_match,Total_boundaries_given,Dot_balls,Powerplay_wickets,Powerplay_runs,Powerplay_over,Powerplay_economy,Middle_wickets,Middle_runs,Middle_over,Middle_economy,Death_runs,Death_over,Death_economy,4W,Economy,Strike Rate,Avg. Wickets,%age of dots,%boundaries,bowl_avg,runs_given_rank,bowl_avg_rank,experience_rank,wickets_rank,dot_balls_rank,boundary_ball_rank,economy_rank,powerplay_eco_rank,deathover_eco_rank,Player,batsman_rank,bowling_rank,allrounder_rank
0,Harbhajan Singh,3325,554.0,4038,150,157,431,1244,30.0,894.0,122.0,7.3,101.0,2904.0,404.0,7.2,240.0,28.2,8.5,2.0,7.3,22.2,1.0,37.4,13.0,26.9,297.0,80.5,1.0,5.0,112.5,42.0,27.5,70.0,29.5,Harbhajan Singh,118.0,9.0,9.0
1,PP Chawla,3218,536.0,4330,156,163,497,1137,18.0,445.0,58.5,7.6,112.0,3463.0,436.2,7.9,422.0,41.7,10.1,2.0,8.1,20.6,1.0,35.3,15.4,27.8,298.0,98.5,2.0,3.0,153.0,94.0,93.5,101.0,109.5,PP Chawla,194.0,29.0,40.0
2,R Ashwin,3186,531.0,3756,138,151,361,1166,42.0,1003.0,150.8,6.7,83.0,2384.0,338.0,7.1,369.0,42.2,8.7,1.0,7.1,23.1,0.9,36.6,11.3,27.2,294.0,87.5,3.0,6.0,126.5,10.0,14.5,39.0,36.5,R Ashwin,181.0,5.0,26.0
3,A Mishra,3128,521.0,3913,160,150,394,1125,6.0,164.0,21.7,7.6,130.0,3319.0,457.3,7.3,430.0,42.3,10.2,4.0,7.5,19.6,1.1,36.0,12.6,24.5,296.0,56.0,4.0,2.0,137.5,32.0,36.0,101.0,115.0,A Mishra,203.0,8.0,33.0
4,SL Malinga,2753,458.0,3486,170,122,400,1144,37.0,1210.0,180.7,6.7,43.0,1024.0,131.2,7.8,1252.0,147.0,8.5,7.0,7.6,16.2,1.4,41.6,14.5,20.5,291.0,16.5,5.0,1.0,57.0,74.0,45.0,39.0,29.5,SL Malinga,233.0,3.0,48.0
5,SP Narine,2741,456.0,3208,127,119,341,1100,24.0,769.0,119.8,6.4,53.0,1557.0,231.2,6.7,882.0,105.8,8.3,7.0,7.0,21.6,1.1,40.1,12.4,25.3,288.0,65.0,6.0,8.0,74.0,27.5,10.0,26.5,25.0,SP Narine,74.0,2.0,2.0
6,RA Jadeja,2673,445.0,3515,114,155,361,870,6.0,186.0,21.8,8.5,84.0,2854.0,371.3,7.7,475.0,52.3,9.1,4.0,7.9,23.4,0.7,32.5,13.5,30.8,292.0,146.5,7.0,11.0,206.5,46.5,74.0,158.0,55.0,RA Jadeja,76.0,40.0,5.0
7,DJ Bravo,2661,443.0,3869,153,137,443,860,10.0,285.0,35.7,8.0,61.0,1985.0,252.7,7.9,1599.0,155.2,10.3,2.0,8.7,17.4,1.1,32.3,16.6,25.3,295.0,65.0,8.0,4.0,209.5,118.5,162.0,131.5,120.0,DJ Bravo,84.0,60.0,11.0
8,B Kumar,2629,438.0,3333,136,121,424,1155,48.0,1472.0,234.0,6.3,22.0,594.0,75.0,7.9,1267.0,129.2,9.8,3.0,7.6,19.3,1.1,43.9,16.1,24.5,289.0,56.0,9.0,7.0,33.0,105.5,45.0,21.0,89.0,B Kumar,222.0,6.0,44.0
9,UT Yadav,2457,409.0,3672,119,120,509,954,45.0,1424.0,174.3,8.2,32.0,1176.0,139.5,8.4,1072.0,95.7,11.2,2.0,9.0,20.6,1.0,38.8,20.7,30.9,293.0,149.0,10.0,10.0,93.0,229.5,185.0,142.0,165.5,UT Yadav,231.0,97.0,88.0
10,P Kumar,2452,408.0,3342,90,119,442,1075,40.0,1813.0,254.7,7.1,18.0,673.0,75.5,8.9,856.0,78.5,10.9,,8.2,27.2,0.8,43.8,18.0,37.1,290.0,217.0,11.0,20.5,35.0,156.5,103.0,58.0,146.0,P Kumar,201.0,54.0,55.0
11,Z Khan,2144,357.0,2860,103,99,376,873,53.0,1492.0,209.7,7.1,15.0,558.0,61.0,9.1,810.0,86.7,9.3,1.0,8.0,20.8,1.0,40.7,17.5,27.8,286.0,98.5,12.0,16.0,66.0,146.0,84.0,58.0,63.5,Z Khan,232.0,22.0,54.0
12,DW Steyn,2131,355.0,2568,97,95,337,1019,34.0,1214.0,185.7,6.5,20.0,562.0,82.7,6.8,792.0,86.8,9.1,,7.2,22.0,1.0,47.8,15.8,26.5,279.0,75.0,13.0,17.0,9.0,101.0,20.5,32.0,55.0,DW Steyn,218.0,4.0,38.0
13,YS Chahal,2095,349.0,2782,121,98,293,750,16.0,470.0,56.5,8.3,94.0,2065.0,271.2,7.6,247.0,21.5,11.5,2.0,8.0,17.3,1.2,35.8,14.0,23.0,285.0,36.5,14.0,9.0,144.0,58.0,84.0,148.5,178.0,YS Chahal,-,13.0,-
14,R Vinay Kumar,2083,347.0,3021,105,104,394,763,30.0,910.0,123.0,7.4,31.0,1089.0,130.8,8.3,1022.0,93.3,11.0,1.0,8.7,19.8,1.0,36.6,18.9,28.8,287.0,114.5,15.0,15.0,126.5,183.5,162.0,78.5,153.5,R Vinay Kumar,206.0,83.0,72.0
15,JJ Bumrah,2042,340.0,2655,109,92,311,811,20.0,738.0,108.0,6.8,36.0,709.0,104.8,6.8,1208.0,127.5,9.5,2.0,7.8,18.7,1.2,39.7,15.2,24.4,280.0,51.5,16.0,12.5,81.5,89.5,63.0,44.0,69.0,JJ Bumrah,-,12.0,-
16,Sandeep Sharma,2029,338.0,2686,109,92,351,847,53.0,1447.0,201.2,7.2,25.0,608.0,76.7,7.9,631.0,60.3,10.5,2.0,7.9,18.6,1.2,41.7,17.3,24.6,282.0,59.5,17.0,12.5,54.0,137.5,74.0,63.0,128.5,Sandeep Sharma,-,14.0,-
17,IK Pathan,1993,332.0,2711,80,101,375,835,28.0,1104.0,149.8,7.4,26.0,981.0,119.3,8.2,626.0,63.0,9.9,,8.2,24.9,0.8,41.9,18.8,33.9,283.0,185.0,18.0,27.5,50.5,180.0,103.0,78.5,94.0,IK Pathan,124.0,59.0,25.0
18,AR Patel,1983,330.0,2502,80,96,254,658,9.0,408.0,53.0,7.7,58.0,1844.0,249.7,7.4,250.0,27.8,9.0,1.0,7.6,24.8,0.8,33.2,12.8,31.3,277.0,156.5,19.5,27.5,194.0,38.5,45.0,110.5,49.5,AR Patel,126.0,38.0,20.0
19,SR Watson,1982,330.0,2742,92,105,367,803,34.0,1015.0,135.5,7.5,22.0,856.0,112.3,7.6,871.0,82.5,10.6,1.0,8.3,21.5,0.9,40.5,18.5,29.8,284.0,133.0,19.5,18.5,68.5,170.0,116.0,89.5,133.5,SR Watson,6.0,52.0,1.0
20,A Nehra,1878,313.0,2537,106,88,355,798,40.0,1387.0,180.0,7.7,20.0,517.0,64.8,8.0,633.0,68.2,9.3,1.0,8.1,17.7,1.2,42.5,18.9,23.9,278.0,44.0,21.0,14.0,45.0,183.5,93.5,110.5,63.5,A Nehra,-,20.0,-
21,I Sharma,1865,310.0,2681,71,90,378,817,43.0,1493.0,196.7,7.6,14.0,646.0,69.3,9.3,542.0,44.8,12.1,1.0,8.6,26.3,0.8,43.8,20.3,37.8,281.0,221.5,22.0,35.0,35.0,217.5,152.0,101.0,207.0,I Sharma,-,100.0,-
22,PP Ojha,1858,309.0,2399,89,90,243,667,6.0,324.0,39.3,8.2,67.0,1808.0,242.7,7.4,267.0,27.7,9.6,,7.8,20.9,1.0,35.9,13.1,27.0,271.0,84.0,23.0,22.0,140.5,43.5,63.0,142.0,73.5,PP Ojha,-,18.0,-
23,DS Kulkarni,1740,290.0,2465,86,91,346,735,44.0,1274.0,165.8,7.7,24.0,751.0,84.7,8.9,440.0,39.5,11.1,1.0,8.5,20.2,0.9,42.2,19.9,28.7,275.0,113.0,24.0,23.0,46.0,210.5,139.5,110.5,161.0,DS Kulkarni,230.0,56.0,68.0
24,MM Sharma,1736,289.0,2488,92,86,343,643,35.0,1064.0,132.0,8.1,16.0,593.0,78.7,7.5,831.0,78.7,10.6,1.0,8.6,18.9,1.1,37.0,19.8,27.0,276.0,84.0,25.0,18.5,118.5,209.0,152.0,136.5,133.5,MM Sharma,227.0,78.0,76.0
25,RP Singh,1729,288.0,2417,90,82,324,744,35.0,1237.0,163.2,7.6,12.0,427.0,48.5,8.8,753.0,76.5,9.8,2.0,8.4,19.2,1.1,43.0,18.7,26.9,273.0,80.5,26.0,20.5,43.0,177.0,127.5,101.0,89.0,RP Singh,-,35.0,-
26,JH Kallis,1703,283.0,2348,65,89,294,601,18.0,640.0,84.7,7.6,25.0,1197.0,149.7,8.0,511.0,49.5,10.3,,8.3,26.2,0.7,35.3,17.3,36.1,270.0,211.0,27.0,38.5,153.0,137.5,116.0,101.0,120.0,JH Kallis,63.0,100.0,19.0
27,JA Morkel,1686,281.0,2409,85,87,320,646,34.0,1300.0,145.8,8.9,22.0,635.0,86.8,7.3,474.0,48.3,9.8,1.0,8.6,19.8,1.0,38.3,19.0,28.3,272.0,105.0,28.0,24.0,101.0,186.0,152.0,177.0,89.0,JA Morkel,82.0,72.0,16.0
28,JD Unadkat,1624,270.0,2447,82,79,311,540,20.0,747.0,95.7,7.8,22.0,872.0,104.3,8.4,828.0,70.7,11.7,2.0,9.1,19.8,1.0,33.3,19.2,29.8,274.0,133.0,29.0,25.0,190.5,192.5,196.0,118.5,187.0,JD Unadkat,-,122.0,-
29,R Bhatia,1605,267.0,2059,71,91,188,436,0.0,25.0,2.0,12.5,53.0,1800.0,239.5,7.5,234.0,26.0,9.0,1.0,7.7,22.6,0.8,27.2,11.7,29.0,266.0,118.5,30.0,35.0,276.0,18.0,53.0,274.0,49.5,R Bhatia,191.0,53.0,52.0
30,M Morkel,1599,266.0,2136,77,70,291,708,36.0,1107.0,148.0,7.5,16.0,498.0,63.7,7.8,531.0,54.8,9.7,1.0,8.0,20.8,1.1,44.3,18.2,27.7,269.0,96.0,31.0,30.0,29.0,161.5,84.0,89.5,80.5,M Morkel,-,26.0,-
31,AB Dinda,1495,249.0,2103,69,75,290,627,33.0,1010.0,132.8,7.6,12.0,351.0,51.7,6.8,742.0,64.7,11.5,1.0,8.4,21.7,0.9,41.9,19.4,30.5,268.0,143.5,32.0,37.0,50.5,199.0,127.5,101.0,178.0,AB Dinda,-,69.0,-
32,M Muralitharan,1481,246.0,1755,63,66,170,598,2.0,151.0,23.7,6.4,47.0,1378.0,197.8,7.0,226.0,25.3,8.9,,7.1,23.5,1.0,40.4,11.5,27.9,258.0,101.5,33.0,40.5,71.0,13.5,14.5,26.5,44.5,M Muralitharan,-,10.0,-
33,SK Trivedi,1470,245.0,1944,65,75,205,492,6.0,198.0,20.8,9.5,43.0,1401.0,189.7,7.4,345.0,34.5,10.0,1.0,7.9,22.6,0.9,33.5,13.9,29.9,262.0,136.0,34.0,38.5,184.0,53.5,74.0,205.0,100.5,SK Trivedi,-,47.0,-
34,L Balaji,1467,244.0,2083,76,73,257,537,15.0,538.0,73.3,7.3,32.0,805.0,104.0,7.7,740.0,67.2,11.0,4.0,8.5,19.3,1.0,36.6,17.5,27.4,267.0,91.5,35.0,31.0,126.5,146.0,139.5,70.0,153.5,L Balaji,-,62.0,-
35,Rashid Khan,1451,241.0,1573,75,62,163,605,7.0,155.0,20.5,7.6,58.0,1223.0,196.0,6.2,195.0,25.3,7.7,,6.5,19.3,1.2,41.7,11.2,21.0,250.0,21.0,36.0,32.0,54.0,9.0,2.0,101.0,17.0,Rashid Khan,-,1.0,-
36,CH Morris,1443,240.0,1966,80,70,248,583,19.0,763.0,96.5,7.9,15.0,469.0,59.2,7.9,734.0,84.8,8.7,3.0,8.2,18.0,1.1,40.4,17.2,24.6,263.0,59.5,37.0,27.5,71.0,133.0,103.0,126.0,36.5,CH Morris,95.0,25.0,6.0
37,S Nadeem,1375,229.0,1764,47,69,182,444,8.0,404.0,48.5,8.3,37.0,1252.0,171.7,7.3,108.0,9.0,12.0,,7.7,29.3,0.7,32.3,13.2,37.5,259.0,219.0,38.0,53.5,209.5,45.0,53.0,148.5,200.5,S Nadeem,-,85.0,-
38,MM Patel,1333,222.0,1733,74,63,241,590,29.0,784.0,106.8,7.3,27.0,498.0,75.0,6.6,451.0,40.3,11.2,3.0,7.8,18.0,1.2,44.3,18.1,23.4,255.0,38.5,39.0,33.0,29.0,159.0,63.0,70.0,165.5,MM Patel,-,15.0,-
39,Mohammed Shami,1318,219.0,2055,60,63,283,488,14.0,933.0,106.7,8.7,15.0,492.0,60.0,8.2,630.0,53.0,11.9,,9.4,22.0,1.0,37.0,21.5,34.2,265.0,189.0,40.0,46.0,118.5,250.0,235.0,168.0,193.5,Mohammed Shami,-,155.0,-
40,KA Pollard,1310,218.0,1975,60,92,222,360,1.0,61.0,5.7,10.7,40.0,1520.0,177.0,8.6,394.0,35.7,11.0,1.0,9.1,21.8,0.7,27.5,16.9,32.9,264.0,174.0,41.5,46.0,270.0,127.5,196.0,248.0,153.5,KA Pollard,18.0,142.0,18.0
41,Shakib Al Hasan,1310,218.0,1676,59,62,178,455,16.0,490.0,63.2,7.8,33.0,968.0,134.3,7.2,218.0,20.8,10.5,,7.7,22.2,1.0,34.7,13.6,28.4,253.0,107.0,41.5,48.5,163.0,48.5,53.0,118.5,128.5,Shakib Al Hasan,112.0,34.0,12.0
42,Imran Tahir,1278,213.0,1713,80,58,179,423,3.0,85.0,9.0,9.4,55.0,1331.0,169.7,7.8,297.0,34.3,8.7,3.0,8.0,16.0,1.4,33.1,14.0,21.4,254.0,24.0,43.0,27.5,196.0,58.0,84.0,199.5,36.5,Imran Tahir,-,27.0,-
43,MJ McClenaghan,1247,207.0,1839,71,56,253,507,31.0,867.0,107.2,8.1,14.0,470.0,53.2,8.8,502.0,47.5,10.6,1.0,8.9,17.6,1.3,40.7,20.3,25.9,261.0,71.5,44.0,35.0,66.0,217.5,176.0,136.5,133.5,MJ McClenaghan,-,81.0,-
44,KH Pandya,1229,204.0,1530,46,69,149,395,9.0,303.0,41.7,7.3,28.0,1153.0,153.8,7.5,74.0,9.3,8.0,,7.5,26.7,0.7,32.1,12.1,33.3,249.0,179.5,45.0,56.5,213.5,23.0,36.0,70.0,20.0,KH Pandya,67.0,55.0,8.0
45,MG Johnson,1210,201.0,1734,61,54,250,533,25.0,826.0,101.7,8.1,9.0,488.0,58.3,8.4,420.0,41.7,10.1,,8.6,19.8,1.1,44.0,20.7,28.4,256.0,107.0,46.0,43.0,32.0,229.5,152.0,136.5,109.5,MG Johnson,220.0,80.0,74.0
46,KV Sharma,1197,199.0,1645,60,66,178,407,6.0,191.0,25.3,7.5,49.0,1324.0,164.0,8.1,130.0,10.2,12.7,2.0,8.3,20.0,0.9,34.0,14.9,27.4,252.0,91.5,47.0,46.0,175.0,84.0,116.0,89.5,228.0,KV Sharma,185.0,57.0,51.0
47,JP Faulkner,1187,197.0,1827,59,60,224,397,14.0,474.0,57.8,8.2,16.0,704.0,80.2,8.8,649.0,59.8,10.9,2.0,9.3,20.1,1.0,33.4,18.9,31.0,260.0,151.5,48.0,48.5,186.5,183.5,224.0,142.0,146.0,JP Faulkner,128.0,136.0,60.0
48,SK Warne,1178,196.0,1465,57,54,147,426,1.0,59.0,5.8,10.2,47.0,1185.0,168.7,7.0,221.0,21.8,10.1,1.0,7.5,20.7,1.1,36.2,12.5,25.7,245.0,69.0,49.0,50.0,133.0,29.5,36.0,235.0,109.5,SK Warne,214.0,16.0,46.0
49,AD Russell,1126,187.0,1743,61,68,239,398,15.0,471.0,56.0,8.4,24.0,784.0,90.7,8.6,488.0,41.0,11.9,1.0,9.3,18.5,0.9,35.3,21.2,28.6,257.0,111.0,50.5,43.0,153.0,246.0,224.0,154.0,193.5,AD Russell,18.0,132.0,14.0
50,M Kartik,1126,187.0,1418,31,55,138,382,7.0,214.0,29.3,7.3,20.0,1082.0,143.8,7.5,122.0,14.5,8.4,,7.6,36.3,0.6,33.9,12.3,45.7,243.0,254.0,50.5,83.5,177.5,25.5,45.0,70.0,27.0,M Kartik,224.0,89.0,81.0
51,YK Pathan,1121,186.0,1443,42,82,156,393,14.0,402.0,57.8,7.0,25.0,980.0,124.0,7.9,61.0,5.0,12.2,,7.8,26.7,0.5,35.1,13.9,34.4,244.0,192.5,52.0,64.0,157.5,53.5,63.0,53.5,210.5,YK Pathan,19.0,68.0,3.0
52,TA Boult,1093,182.0,1597,63,48,238,446,25.0,746.0,100.7,7.4,8.0,208.0,22.0,9.5,643.0,59.5,10.8,1.0,8.8,17.3,1.3,40.8,21.8,25.3,251.0,65.0,53.0,40.5,63.5,260.0,170.0,78.5,143.0,TA Boult,-,90.0,-
53,SB Jakati,1067,177.0,1474,47,57,157,337,0.0,139.0,15.8,8.8,42.0,1223.0,153.3,8.0,112.0,8.7,12.9,2.0,8.3,22.7,0.8,31.6,14.7,31.4,246.5,158.5,54.0,53.5,224.5,79.0,116.0,172.5,232.0,SB Jakati,-,103.0,-
54,DL Chahar,986,164.0,1286,45,48,180,438,33.0,1000.0,128.2,7.8,1.0,147.0,20.0,7.4,139.0,16.2,8.6,,7.8,21.9,0.9,44.4,18.3,28.6,237.0,111.0,55.5,60.5,26.0,164.0,63.0,118.5,33.0,DL Chahar,-,36.0,-
55,S Kaul,985,164.0,1476,51,46,189,314,11.0,440.0,48.0,9.2,21.0,581.0,68.8,8.4,455.0,47.3,9.6,1.0,9.0,19.3,1.1,31.9,19.2,28.9,248.0,116.5,55.5,51.0,217.0,192.5,185.0,192.5,73.5,S Kaul,-,131.0,-
56,A Kumble,942,157.0,1089,45,42,107,374,3.0,90.0,17.7,5.1,28.0,851.0,122.3,7.0,148.0,17.0,8.7,3.0,6.9,20.9,1.1,39.7,11.4,24.2,222.0,48.0,57.0,60.5,81.5,11.5,6.5,7.0,36.5,A Kumble,-,7.0,-
57,VR Aaron,937,156.0,1474,42,48,203,381,13.0,550.0,60.7,9.1,18.0,604.0,70.5,8.6,320.0,25.0,12.8,,9.4,22.3,0.9,40.7,21.7,35.1,246.5,197.5,58.0,64.0,66.0,255.5,235.0,186.0,230.0,VR Aaron,-,152.0,-
58,R Sharma,918,153.0,1100,40,44,115,334,2.0,101.0,14.7,6.9,36.0,880.0,125.7,7.0,119.0,12.7,9.4,,7.2,23.0,0.9,36.4,12.5,27.5,225.0,94.5,59.0,70.0,130.5,29.5,20.5,48.5,66.5,R Sharma,-,21.0,-
59,Iqbal Abdulla,905,150.0,1125,40,48,125,331,14.0,293.0,45.7,6.4,23.0,729.0,94.7,7.7,103.0,10.5,9.8,,7.5,22.6,0.8,36.6,13.8,28.1,227.0,104.0,60.5,70.0,126.5,50.0,36.0,26.5,89.0,Iqbal Abdulla,-,30.0,-
60,HV Patel,904,150.0,1380,46,46,177,310,9.0,377.0,40.3,9.4,24.0,746.0,86.7,8.6,257.0,23.7,10.8,,9.2,19.7,1.0,34.3,19.6,30.0,242.0,138.5,60.5,56.5,170.5,205.5,209.5,199.5,143.0,HV Patel,-,135.0,-
61,SK Raina,889,148.0,1139,25,69,115,280,2.0,83.0,10.8,7.7,17.0,908.0,121.7,7.5,148.0,15.7,9.4,,7.7,35.6,0.4,31.5,12.9,45.6,230.0,253.0,62.0,104.0,227.5,41.0,53.0,110.5,66.5,SK Raina,4.0,116.0,6.0
62,SN Thakur,887,147.0,1355,46,44,181,327,11.0,480.0,54.3,8.8,18.0,425.0,54.5,7.8,450.0,39.0,11.5,,9.2,19.3,1.0,36.9,20.4,29.5,241.0,127.5,64.0,56.5,121.0,221.5,209.5,172.5,178.0,SN Thakur,-,129.0,-
63,Kuldeep Yadav,885,147.0,1251,40,43,128,262,0.0,68.0,8.8,7.7,29.0,1071.0,124.7,8.6,112.0,14.0,8.0,1.0,8.5,22.1,0.9,29.6,14.5,31.3,235.0,156.5,64.0,70.0,250.5,74.0,139.5,110.5,20.0,Kuldeep Yadav,-,121.0,-
64,MC Henriques,883,147.0,1255,38,55,157,277,8.0,256.0,28.5,9.0,27.0,923.0,111.5,8.3,76.0,7.2,10.6,,8.5,23.2,0.7,31.4,17.8,33.0,236.0,175.5,64.0,74.5,229.5,151.5,139.5,181.0,133.5,MC Henriques,78.0,134.0,34.0
65,S Gopal,880,146.0,1173,48,44,127,289,8.0,124.0,15.8,7.8,39.0,1025.0,127.7,8.0,24.0,3.2,7.5,1.0,8.0,18.3,1.1,32.8,14.4,24.4,231.0,51.5,66.0,52.0,201.0,69.0,84.0,118.5,16.0,S Gopal,216.0,50.0,61.0
66,MS Gony,870,145.0,1317,37,44,188,348,18.0,722.0,79.7,9.1,15.0,443.0,52.5,8.4,152.0,12.8,11.9,,9.1,23.5,0.8,40.0,21.6,35.6,239.0,203.0,67.0,76.0,76.0,252.0,196.0,186.0,193.5,MS Gony,-,149.0,-
67,TG Southee,869,144.0,1316,28,40,177,328,12.0,668.0,80.5,8.3,8.0,219.0,27.5,8.0,429.0,36.8,11.7,,9.1,31.0,0.7,37.7,20.4,47.0,238.0,261.5,68.0,92.5,106.0,221.5,196.0,148.5,187.0,TG Southee,-,168.0,-
68,S Sreesanth,863,143.0,1221,41,44,169,399,28.0,739.0,93.5,7.9,7.0,270.0,33.3,8.1,212.0,17.0,12.5,,8.5,21.0,0.9,46.2,19.6,29.8,234.0,133.0,69.5,66.5,15.0,205.5,139.5,126.0,222.5,S Sreesanth,-,88.0,-
69,Yuvraj Singh,858,143.0,1091,36,73,100,258,,,,,30.0,994.0,132.2,7.5,97.0,10.8,9.0,2.0,7.6,23.8,0.5,30.1,11.7,30.3,223.0,141.0,69.5,77.0,246.0,18.0,45.0,,49.5,Yuvraj Singh,39.0,73.0,4.0
70,HH Pandya,851,141.0,1340,42,60,174,287,5.0,252.0,25.3,10.0,23.0,817.0,94.5,8.6,271.0,22.0,12.3,,9.5,20.3,0.7,33.7,20.4,31.9,240.0,166.5,71.5,64.0,181.5,221.5,242.5,227.0,214.0,HH Pandya,51.0,169.0,37.0
71,B Lee,849,141.0,1126,25,38,148,374,11.0,580.0,78.3,7.4,6.0,143.0,20.0,7.2,403.0,43.2,9.3,,8.0,34.0,0.7,44.1,17.4,45.0,228.0,251.0,71.5,104.0,31.0,142.0,84.0,78.5,63.5,B Lee,208.0,102.0,79.0
72,JC Archer,809,134.0,1008,46,35,125,377,17.0,312.0,56.3,5.5,10.0,228.0,31.7,7.2,468.0,46.8,10.0,,7.5,17.6,1.3,46.6,15.5,21.9,216.0,26.0,73.5,56.5,12.0,96.0,36.0,10.0,100.5,JC Archer,164.0,11.0,23.0
73,RJ Harris,806,134.0,1085,45,37,146,364,14.0,480.0,68.3,7.0,7.0,213.0,25.7,8.3,392.0,40.3,9.7,1.0,8.1,17.9,1.2,45.2,18.1,24.1,221.0,47.0,73.5,60.5,21.0,159.0,93.5,53.5,80.5,RJ Harris,225.0,31.0,56.0
74,K Rabada,787,131.0,1136,61,35,146,304,8.0,431.0,50.3,8.6,18.0,271.0,35.7,7.6,434.0,45.2,9.6,4.0,8.7,12.9,1.7,38.6,18.6,18.6,229.0,8.0,75.0,43.0,99.0,173.5,162.0,163.0,73.5,K Rabada,218.0,58.0,65.0
75,PJ Sangwan,784,130.0,1201,35,39,161,298,12.0,501.0,53.5,9.4,20.0,522.0,61.8,8.4,178.0,15.3,11.6,,9.2,22.4,0.9,38.0,20.5,34.3,233.0,191.0,76.0,78.5,104.0,225.5,209.5,199.5,182.5,PJ Sangwan,-,157.0,-
76,AD Mathews,778,129.0,1095,27,44,127,224,6.0,185.0,20.7,8.9,13.0,725.0,88.3,8.2,185.0,20.7,8.9,1.0,8.5,28.8,0.6,28.8,16.3,40.6,224.0,232.5,77.0,98.0,256.5,110.0,139.5,177.0,44.5,AD Mathews,106.0,162.0,62.0
77,DL Vettori,764,127.0,894,28,34,91,270,2.0,98.0,14.8,6.6,22.0,655.0,97.2,6.7,141.0,15.3,9.2,,7.0,27.3,0.8,35.3,11.9,31.9,211.0,166.5,79.0,92.5,153.0,21.0,10.0,35.5,59.5,DL Vettori,223.0,48.0,64.0
78,DT Christian,764,127.0,1062,34,40,122,268,8.0,241.0,28.7,8.4,17.0,515.0,74.8,6.9,306.0,23.8,12.9,,8.4,22.5,0.8,35.1,16.0,31.2,220.0,154.5,79.0,80.5,157.5,103.5,127.5,154.0,232.0,DT Christian,161.0,107.0,62.0
79,AB Agarkar,763,127.0,1174,29,42,154,254,6.0,295.0,28.8,10.2,16.0,613.0,72.5,8.5,266.0,25.8,10.3,,9.2,26.3,0.7,33.3,20.2,40.5,232.0,231.0,79.0,87.0,190.5,214.5,209.5,235.0,120.0,AB Agarkar,205.0,189.0,105.0
80,S Aravind,748,124.0,1057,45,38,143,290,20.0,543.0,69.8,7.8,12.0,320.0,35.7,9.0,194.0,19.2,10.1,2.0,8.5,16.6,1.2,38.8,19.1,23.5,219.0,40.0,81.0,60.5,93.0,188.5,139.5,118.5,109.5,S Aravind,-,75.0,-
81,P Awana,733,122.0,1046,39,33,142,293,13.0,363.0,44.0,8.2,13.0,397.0,53.2,7.5,286.0,25.0,11.4,1.0,8.6,18.8,1.2,40.0,19.4,26.8,218.0,78.0,82.0,73.0,76.0,199.0,152.0,142.0,172.5,P Awana,-,92.0,-
82,NM Coulter-Nile,705,117.0,945,41,32,132,316,13.0,400.0,54.0,7.4,14.0,263.0,35.8,7.3,282.0,27.7,10.2,1.0,8.1,17.2,1.3,44.8,18.7,23.0,212.0,36.5,84.0,66.5,23.5,177.0,93.5,78.5,115.0,NM Coulter-Nile,-,38.0,-
83,P Negi,704,117.0,954,35,42,104,237,2.0,64.0,7.0,9.1,26.0,817.0,103.5,7.9,73.0,6.8,10.7,1.0,8.2,20.1,0.8,33.7,14.8,27.3,214.0,89.0,84.0,78.5,181.5,81.5,103.0,186.0,139.0,P Negi,155.0,84.0,49.0
84,Mohammed Siraj,702,117.0,1101,40,35,151,272,12.0,337.0,35.3,9.5,11.0,367.0,46.3,7.9,397.0,35.3,11.2,1.0,9.4,17.6,1.1,38.7,21.5,27.5,226.0,94.5,84.0,70.0,97.0,250.0,235.0,205.0,165.5,Mohammed Siraj,-,133.0,-
85,NLTC Perera,687,114.0,1031,31,36,141,227,6.0,223.0,29.5,7.6,8.0,448.0,54.3,8.3,360.0,30.7,11.7,,9.0,22.2,0.9,33.0,20.5,33.3,217.0,179.5,86.0,83.5,198.5,225.5,185.0,101.0,187.0,NLTC Perera,116.0,172.0,70.0
86,J Botha,680,113.0,818,25,34,84,254,4.0,255.0,31.7,8.0,15.0,463.0,70.3,6.6,100.0,11.3,8.8,,7.2,27.2,0.7,37.4,12.4,32.7,204.0,172.0,87.0,104.0,112.5,27.5,20.5,131.5,40.5,J Botha,147.0,50.0,30.0
87,JP Duminy,670,111.0,847,23,49,86,234,3.0,207.0,26.3,7.9,17.0,573.0,79.3,7.2,67.0,6.0,11.2,1.0,7.6,29.1,0.5,34.9,12.8,36.8,207.0,215.0,88.0,113.5,160.0,38.5,45.0,126.0,165.5,JP Duminy,44.0,92.0,10.0
88,BA Stokes,655,109.0,993,28,36,127,226,8.0,272.0,29.7,9.2,9.0,436.0,53.8,8.1,285.0,25.7,11.1,,9.1,23.4,0.8,34.5,19.4,35.5,215.0,202.0,89.0,92.5,166.0,199.0,196.0,192.5,161.0,BA Stokes,61.0,167.0,44.0
89,PV Tambe,649,108.0,866,28,33,92,204,3.0,114.0,12.7,9.0,24.0,677.0,89.5,7.6,75.0,6.0,12.5,1.0,8.0,23.2,0.8,31.4,14.2,30.9,208.0,149.0,90.5,92.5,229.5,64.5,84.0,181.0,222.5,PV Tambe,-,108.0,-
90,PJ Cummins,649,108.0,949,29,30,121,251,14.0,451.0,54.3,8.3,6.0,267.0,31.2,8.6,231.0,22.7,10.2,1.0,8.8,22.4,1.0,38.7,18.6,32.7,213.0,172.0,90.5,87.0,97.0,173.5,170.0,148.5,115.0,PJ Cummins,160.0,127.0,69.0
91,Washington Sundar,645,107.0,758,24,35,78,240,8.0,337.0,45.0,7.5,15.0,402.0,60.7,6.6,19.0,1.8,10.6,,7.1,26.9,0.7,37.2,12.1,31.6,194.0,160.0,92.0,109.0,115.0,23.0,14.5,89.5,133.5,Washington Sundar,178.0,46.0,42.0
92,RD Chahar,635,105.0,808,30,30,91,239,3.0,83.0,9.7,8.6,26.0,703.0,91.3,7.7,22.0,4.8,4.6,,7.7,21.2,1.0,37.6,14.3,26.9,201.0,80.5,93.0,85.0,107.5,66.5,53.0,163.0,4.0,RD Chahar,-,39.0,-
93,DP Nannes,625,104.0,815,28,29,104,285,15.0,377.0,54.7,6.9,1.0,171.0,19.3,8.9,267.0,30.2,8.8,,7.8,22.3,1.0,45.6,16.6,29.1,203.0,120.5,94.0,92.5,19.0,118.5,63.0,48.5,40.5,DP Nannes,-,44.0,-
94,AJ Tye,605,100.0,892,40,27,106,187,11.0,223.0,27.7,8.1,10.0,324.0,39.7,8.2,345.0,33.5,10.3,4.0,8.9,15.1,1.5,30.9,17.5,22.3,210.0,29.5,95.0,70.0,235.5,146.0,176.0,136.5,120.0,AJ Tye,-,119.0,-
95,M Ashwin,598,99.0,796,25,31,89,199,0.0,71.0,5.8,12.2,19.0,645.0,83.8,7.7,80.0,10.0,8.0,,8.0,23.9,0.8,33.3,14.9,31.8,200.0,164.5,96.0,104.0,190.5,84.0,84.0,271.0,20.0,M Ashwin,-,112.0,-
96,STR Binny,589,98.0,763,23,63,90,199,6.0,194.0,25.8,7.5,14.0,498.0,65.3,7.6,71.0,7.0,10.1,,7.8,25.6,0.4,33.8,15.3,33.2,195.0,178.0,97.0,113.5,179.5,91.5,63.0,89.5,109.5,STR Binny,108.0,111.0,36.0
97,R Tewatia,568,94.0,684,24,32,65,203,0.0,15.0,2.0,7.5,20.0,657.0,90.3,7.3,12.0,2.3,5.2,,7.3,23.7,0.8,35.7,11.4,28.5,184.0,109.0,98.0,109.0,146.0,11.5,27.5,89.5,7.0,R Tewatia,115.0,42.0,17.0
98,DE Bollinger,560,93.0,716,38,27,92,254,11.0,404.0,52.0,7.8,6.0,44.0,7.0,6.3,268.0,34.3,7.8,1.0,7.7,14.7,1.4,45.4,16.4,18.8,190.0,9.0,99.0,74.5,20.0,112.5,53.0,118.5,18.0,DE Bollinger,-,17.0,-
99,WD Parnell,557,92.0,731,27,26,91,241,10.0,348.0,43.2,8.1,3.0,163.0,22.7,7.2,220.0,27.0,8.1,,7.9,20.6,1.0,43.3,16.3,27.1,192.0,86.0,101.0,98.0,38.0,110.0,74.0,136.5,22.0,WD Parnell,-,43.0,-
100,MA Starc,556,92.0,725,34,26,85,232,9.0,352.0,47.0,7.5,9.0,115.0,15.7,7.3,258.0,30.0,8.6,1.0,7.9,16.4,1.3,41.7,15.3,21.3,191.0,22.5,101.0,80.5,54.0,91.5,74.0,89.5,33.0,MA Starc,-,23.0,-
101,NA Saini,553,92.0,795,17,26,114,248,6.0,325.0,40.3,8.1,1.0,239.0,28.3,8.4,231.0,23.5,9.8,,8.6,32.5,0.7,44.8,20.6,46.8,199.0,260.0,101.0,142.5,23.5,228.0,152.0,136.5,89.0,NA Saini,-,160.0,-
102,KK Cooper,551,91.0,789,33,25,82,184,4.0,115.0,14.8,7.8,13.0,302.0,38.3,7.9,372.0,38.7,9.6,1.0,8.7,16.7,1.3,33.4,14.9,23.9,198.0,44.0,103.0,82.0,186.5,84.0,162.0,118.5,73.5,KK Cooper,-,93.0,-
103,GJ Maxwell,540,90.0,786,19,50,89,162,3.0,166.0,16.0,10.4,14.0,607.0,72.0,8.4,13.0,2.0,6.5,,8.7,28.4,0.4,30.0,16.5,41.4,197.0,238.0,104.0,128.0,248.0,115.0,162.0,240.0,10.5,GJ Maxwell,43.0,184.0,43.0
104,Mustafizur Rahman,539,89.0,693,24,24,78,197,4.0,155.0,24.8,6.2,7.0,260.0,32.8,7.9,278.0,32.2,8.6,,7.8,22.5,1.0,36.5,14.5,28.9,185.0,116.5,105.5,109.0,129.0,74.0,63.0,17.5,33.0,Mustafizur Rahman,-,74.0,-
105,CH Gayle,538,89.0,755,18,38,76,180,3.0,169.0,19.5,8.7,7.0,412.0,52.5,7.8,174.0,17.7,9.8,,8.5,29.9,0.5,33.5,14.1,41.9,193.0,240.0,105.5,135.0,184.0,61.5,139.5,168.0,89.0,CH Gayle,2.0,147.0,13.0
106,MP Stoinis,532,88.0,869,28,37,111,139,5.0,140.0,13.7,10.2,13.0,524.0,58.7,8.9,205.0,16.3,12.6,1.0,9.9,19.0,0.8,26.1,20.9,31.0,209.0,151.5,108.0,92.5,284.5,235.5,257.5,235.0,226.0,MP Stoinis,70.0,218.0,70.0
107,Azhar Mahmood,530,88.0,707,29,23,91,199,6.0,163.0,23.8,6.8,7.0,260.0,36.8,7.1,284.0,27.7,10.3,,8.0,18.3,1.3,37.5,17.2,24.4,188.0,51.5,108.0,87.0,110.0,133.0,84.0,44.0,120.0,Azhar Mahmood,113.0,64.0,24.0
108,DR Smith,528,88.0,825,26,46,108,168,5.0,123.0,10.7,11.5,17.0,614.0,70.8,8.7,88.0,6.5,13.5,1.0,9.4,20.3,0.6,31.8,20.5,31.7,205.0,162.0,108.0,100.5,219.0,225.5,235.0,263.0,241.0,DR Smith,14.0,198.0,34.0
109,Harmeet Singh,513,85.0,713,26,27,86,189,6.0,124.0,14.0,8.9,14.0,446.0,55.5,8.0,143.0,16.0,8.9,,8.4,19.7,1.0,36.8,16.8,27.4,189.0,91.5,110.5,100.5,123.5,124.0,127.5,177.0,44.5,Harmeet Singh,-,98.0,-
110,A Symonds,511,85.0,694,20,30,77,190,4.0,110.0,18.5,5.9,11.0,480.0,58.0,8.3,104.0,8.7,12.0,,8.2,25.6,0.7,37.2,15.1,34.7,186.0,194.0,110.5,124.0,115.0,87.5,103.0,12.5,200.5,A Symonds,58.0,115.0,22.0
111,AS Rajpoot,508,84.0,844,24,29,120,192,9.0,419.0,43.3,9.7,7.0,241.0,26.8,9.0,184.0,14.5,12.7,1.0,10.0,21.2,0.8,37.8,23.6,35.2,206.0,199.0,112.5,109.0,105.0,278.5,261.5,214.0,228.0,AS Rajpoot,-,202.0,-
112,M Prasidh Krishna,507,84.0,810,18,24,121,182,2.0,379.0,41.8,9.1,5.0,183.0,21.0,8.7,248.0,21.7,11.4,1.0,9.6,28.2,0.8,35.9,23.9,45.0,202.0,251.0,112.5,135.0,140.5,281.0,247.5,186.0,172.5,M Prasidh Krishna,-,227.0,-
113,R Dhawan,479,79.0,655,18,25,67,151,2.0,102.0,12.8,8.0,13.0,431.0,56.0,7.7,122.0,11.0,11.1,,8.3,26.6,0.7,31.5,14.0,36.4,181.0,212.5,114.5,135.0,227.5,58.0,116.0,131.5,161.0,R Dhawan,212.0,144.0,91.0
114,BB Sran,476,79.0,767,19,24,102,168,6.0,357.0,37.3,9.6,6.0,299.0,30.5,9.8,111.0,11.5,9.7,,9.7,25.1,0.8,35.3,21.4,40.4,196.0,230.0,114.5,128.0,153.0,248.0,251.5,209.5,80.5,BB Sran,-,217.0,-
115,A Singh,462,77.0,639,28,23,84,189,11.0,308.0,43.0,7.2,1.0,75.0,9.7,7.7,256.0,24.3,10.5,1.0,8.3,16.5,1.2,40.9,18.2,22.8,180.0,34.0,116.0,92.5,61.5,161.5,116.0,63.0,128.5,A Singh,-,67.0,-
116,IC Pandey,451,75.0,609,18,24,94,212,11.0,312.0,43.2,7.2,6.0,247.0,28.3,8.7,50.0,3.7,13.5,,8.1,25.1,0.8,47.0,20.8,33.8,176.0,184.0,117.5,135.0,11.0,232.0,93.5,63.0,241.0,IC Pandey,-,123.0,-
117,SW Tait,451,75.0,668,24,21,83,200,7.0,304.0,36.8,8.3,4.0,182.0,18.5,9.8,182.0,19.8,9.2,,8.9,18.8,1.1,44.3,18.4,27.8,182.0,98.5,117.5,109.0,29.0,167.0,176.0,148.5,59.5,SW Tait,-,106.0,-
118,GB Hogg,447,74.0,585,23,21,61,159,4.0,54.0,7.7,7.0,13.0,419.0,53.7,7.8,112.0,13.2,8.5,1.0,7.9,19.4,1.1,35.6,13.6,25.4,174.0,67.0,119.5,113.5,147.5,48.5,74.0,53.5,29.5,GB Hogg,-,63.0,-
119,SM Curran,444,74.0,673,23,22,87,145,4.0,265.0,33.3,8.0,3.0,168.0,18.8,8.9,240.0,21.8,11.0,1.0,9.1,19.3,1.0,32.7,19.6,29.3,183.0,123.5,119.5,113.5,202.0,205.5,196.0,131.5,153.5,SM Curran,120.0,173.0,73.0
120,T Natarajan,439,73.0,636,18,22,77,147,3.0,141.0,19.3,7.3,5.0,246.0,31.2,7.9,249.0,22.7,11.0,,8.7,24.4,0.8,33.5,17.5,35.3,178.5,200.5,121.0,135.0,184.0,146.0,162.0,70.0,153.5,T Natarajan,-,170.0,-
121,RE van der Merwe,432,72.0,515,21,21,42,148,3.0,60.0,5.8,10.3,12.0,367.0,57.2,6.4,88.0,9.0,9.8,,7.2,20.6,1.0,34.3,9.7,24.5,160.5,56.0,122.0,120.5,170.5,5.0,20.5,238.0,89.0,RE van der Merwe,200.0,41.0,50.0
122,Bipul Sharma,418,69.0,581,17,28,59,131,5.0,77.0,12.2,6.3,12.0,452.0,55.2,8.2,52.0,2.3,22.6,,8.4,24.6,0.6,31.3,14.1,34.2,173.0,189.0,124.0,142.5,231.0,61.5,127.5,21.0,281.0,Bipul Sharma,151.0,151.0,75.0
123,RR Powar,418,69.0,538,13,26,59,166,4.0,171.0,21.7,7.9,8.0,347.0,46.0,7.5,20.0,2.0,10.0,,7.8,32.2,0.5,39.7,14.1,41.4,165.0,238.0,124.0,158.5,81.5,61.5,63.0,126.0,100.5,RR Powar,-,114.0,-
124,Basil Thampi,417,69.0,704,17,20,95,114,2.0,198.0,19.7,10.1,4.0,242.0,27.3,8.9,264.0,22.5,11.7,,10.2,24.5,0.8,27.3,22.8,41.4,187.0,238.0,124.0,142.5,274.0,271.0,272.0,232.5,187.0,Basil Thampi,-,253.0,-
125,MF Maharoof,408,68.0,532,27,20,62,165,8.0,212.0,27.3,7.8,11.0,183.0,27.0,6.8,137.0,13.7,10.0,,7.8,15.1,1.4,40.4,15.2,19.7,164.0,12.0,126.0,98.0,71.0,89.5,63.0,118.5,100.5,MF Maharoof,156.0,32.0,27.0
126,Mujeeb Ur Rahman,406,67.0,568,17,18,61,138,5.0,154.0,20.8,7.4,8.0,327.0,39.8,8.2,87.0,7.0,12.4,,8.5,23.9,0.9,34.0,15.0,33.4,170.0,181.0,127.0,142.5,175.0,86.0,139.5,78.5,218.0,Mujeeb Ur Rahman,-,138.0,-
127,K Gowtham,401,66.0,576,13,24,74,132,8.0,285.0,34.5,8.3,5.0,266.0,31.3,8.5,25.0,1.0,25.0,,8.7,30.8,0.5,32.9,18.5,44.3,171.5,247.0,128.5,158.5,200.0,170.0,162.0,148.5,282.0,K Gowtham,154.0,203.0,92.0
128,Anureet Singh,399,66.0,636,18,22,87,139,7.0,199.0,25.7,7.7,2.0,231.0,22.5,10.3,206.0,18.3,11.3,,9.6,22.2,0.8,34.8,21.8,35.3,178.5,200.5,128.5,135.0,161.5,260.0,247.5,110.5,169.0,Anureet Singh,-,219.0,-
129,JO Holder,377,62.0,552,19,18,69,135,5.0,271.0,28.3,9.6,4.0,198.0,24.7,8.0,83.0,9.8,8.5,,8.9,19.8,1.1,35.8,18.3,29.1,167.0,120.5,131.0,128.0,144.0,164.0,176.0,209.5,29.5,JO Holder,-,144.0,-
130,CJ Jordan,376,62.0,620,21,20,75,119,2.0,136.0,12.7,10.7,10.0,188.0,26.2,7.2,296.0,23.8,12.4,1.0,10.0,17.9,1.0,31.6,19.9,29.5,177.0,127.5,131.0,120.5,224.5,210.5,261.5,248.0,218.0,CJ Jordan,-,208.0,-
131,KK Ahmed,373,62.0,576,28,17,79,148,11.0,329.0,35.0,9.4,7.0,110.0,13.0,8.5,137.0,14.2,9.6,,9.3,13.3,1.6,39.7,21.2,20.6,171.5,18.0,131.0,92.5,81.5,246.0,224.0,199.5,73.5,KK Ahmed,-,128.0,-
132,Ankit Sharma,365,60.0,453,12,21,46,137,6.0,152.0,24.0,6.3,6.0,278.0,35.7,7.8,23.0,1.2,19.2,,7.6,30.4,0.6,37.5,12.6,37.8,152.0,221.5,134.0,167.5,110.0,32.0,45.0,21.0,275.0,Ankit Sharma,-,108.0,-
133,CR Woakes,365,60.0,589,25,18,83,131,3.0,211.0,19.5,10.8,9.0,141.0,20.7,6.8,237.0,20.7,11.4,,9.8,14.6,1.4,35.9,22.7,23.6,175.0,41.0,134.0,104.0,140.5,269.0,255.0,253.5,172.5,CR Woakes,-,166.0,-
134,BW Hilfenhaus,361,60.0,497,22,17,69,173,12.0,260.0,38.5,6.8,4.0,78.0,8.0,9.8,159.0,13.7,11.6,,8.3,16.4,1.3,47.9,19.1,22.6,158.0,31.0,134.0,117.0,8.0,188.5,116.0,44.0,182.5,BW Hilfenhaus,-,71.0,-
135,A Nortje,355,59.0,529,22,16,77,149,6.0,224.0,26.0,8.6,9.0,135.0,14.2,9.5,170.0,19.0,8.9,,9.0,16.1,1.4,42.0,21.7,24.0,163.0,46.0,136.0,117.0,48.5,255.5,185.0,163.0,44.5,A Nortje,-,126.0,-
136,VRV Singh,353,58.0,549,12,18,74,114,1.0,136.0,12.7,10.7,4.0,256.0,30.0,8.5,157.0,16.2,9.7,,9.5,29.4,0.7,32.3,21.0,45.8,166.0,255.0,137.0,167.5,209.5,239.5,242.5,248.0,80.5,VRV Singh,-,240.0,-
137,JR Hopes,346,57.0,562,14,20,72,105,1.0,26.0,2.8,9.3,9.0,376.0,41.5,9.1,160.0,13.3,12.0,,9.9,24.7,0.7,30.3,20.8,40.1,169.0,228.0,138.5,153.0,243.0,232.0,257.5,196.0,200.5,JR Hopes,86.0,241.0,87.0
138,R McLaren,342,57.0,558,12,18,80,116,4.0,220.0,24.2,9.1,4.0,203.0,21.5,9.4,135.0,11.3,11.9,,9.8,28.5,0.7,33.9,23.4,46.5,168.0,257.0,138.5,167.5,177.5,276.5,255.0,186.0,193.5,R McLaren,210.0,245.0,109.0
139,AN Ahmed,333,55.0,515,12,17,63,120,3.0,187.0,21.7,8.6,4.0,172.0,21.0,8.2,156.0,12.8,12.2,,9.4,27.8,0.7,36.0,18.9,42.9,160.5,242.5,140.5,167.5,137.5,183.5,235.0,163.0,210.5,AN Ahmed,-,211.0,-
140,VY Mahesh,332,55.0,511,21,17,67,120,4.0,149.0,13.0,11.5,8.0,283.0,34.0,8.3,79.0,8.3,9.5,1.0,9.3,15.8,1.2,36.1,20.2,24.3,159.0,49.0,140.5,120.5,135.0,214.5,224.0,263.0,69.0,VY Mahesh,-,156.0,-
141,CV Varun,329,54.0,392,18,14,42,118,1.0,68.0,8.0,8.5,16.0,268.0,40.8,6.6,56.0,6.0,9.3,1.0,7.3,18.3,1.3,35.9,12.8,21.8,137.0,25.0,142.5,135.0,140.5,38.5,27.5,158.0,63.5,CV Varun,-,45.0,-
142,RG Sharma,326,54.0,449,15,30,41,88,2.0,68.0,8.2,8.3,11.0,329.0,41.2,8.0,52.0,5.0,10.4,1.0,8.3,21.7,0.5,27.0,12.6,29.9,150.0,136.0,142.5,149.0,278.5,32.0,116.0,148.5,124.5,RG Sharma,11.0,140.0,15.0
143,Shivam Mavi,319,53.0,487,14,17,67,122,5.0,225.0,25.3,8.9,5.0,141.0,18.0,7.8,121.0,9.8,12.3,,9.2,22.8,0.8,38.2,21.0,34.8,157.0,195.5,144.0,153.0,102.5,239.5,209.5,177.0,214.0,Shivam Mavi,-,197.0,-
144,GD McGrath,315,52.0,366,12,14,51,153,8.0,218.0,35.8,6.1,2.0,44.0,6.0,7.3,104.0,10.7,9.7,1.0,7.0,26.2,0.9,48.6,16.2,30.5,129.0,143.5,145.5,167.5,7.0,107.5,10.0,16.0,80.5,GD McGrath,-,66.0,-
145,MR Marsh,313,52.0,426,20,19,54,113,4.0,124.0,12.3,10.1,10.0,198.0,31.0,6.4,104.0,8.8,11.8,1.0,8.2,15.6,1.1,36.1,17.3,21.3,145.0,22.5,145.5,124.0,135.0,137.5,103.0,232.5,190.0,MR Marsh,166.0,94.0,57.0
146,DJ Hussey,311,51.0,485,8,26,55,86,0.0,58.0,5.8,10.0,6.0,332.0,40.3,8.2,95.0,5.7,16.7,,9.5,38.9,0.3,27.7,17.7,60.6,156.0,281.0,148.5,212.0,267.0,150.0,242.5,227.0,263.0,DJ Hussey,72.0,249.0,84.0
147,KW Richardson,310,51.0,450,19,14,58,124,10.0,186.0,27.0,6.9,1.0,97.0,10.7,9.1,167.0,14.0,11.9,1.0,8.8,16.3,1.4,40.0,18.7,23.7,151.0,42.0,148.5,128.0,76.0,177.0,170.0,48.5,193.5,KW Richardson,-,117.0,-
148,AC Thomas,308,51.0,416,14,15,52,126,7.0,196.0,29.2,6.7,3.0,53.0,5.7,9.3,167.0,16.5,10.1,,8.2,22.0,0.9,40.9,16.9,29.7,143.0,131.0,148.5,153.0,61.5,127.5,103.0,39.0,109.5,AC Thomas,-,113.0,-
149,LR Shukla,306,51.0,458,15,27,55,109,0.0,51.0,4.2,12.1,7.0,302.0,36.2,8.3,105.0,10.7,9.8,,9.0,20.4,0.6,35.6,18.0,30.5,153.0,143.5,148.5,149.0,147.5,156.5,185.0,270.0,89.0,LR Shukla,164.0,164.0,88.0
150,Ravi Bishnoi,303,50.0,381,12,14,42,119,0.0,51.0,4.7,10.9,11.0,320.0,44.8,7.1,10.0,1.0,10.0,,7.6,25.2,0.9,39.3,13.9,31.8,135.0,164.5,151.5,167.5,86.0,53.5,45.0,257.0,100.5,Ravi Bishnoi,-,95.0,-
151,AD Mascarenhas,302,50.0,365,19,13,42,124,12.0,206.0,27.7,7.4,5.0,135.0,20.3,6.7,24.0,2.3,10.4,1.0,7.3,15.9,1.5,41.1,13.9,19.2,128.0,10.0,151.5,128.0,60.0,53.5,27.5,78.5,124.5,AD Mascarenhas,-,24.0,-
152,Pankaj Singh,296,49.0,472,11,17,69,111,8.0,195.0,24.7,7.9,2.0,175.0,17.7,9.9,102.0,7.0,14.6,,9.6,26.9,0.6,37.5,23.3,42.9,154.0,242.5,153.0,179.0,110.0,275.0,247.5,126.0,249.0,Pankaj Singh,-,233.0,-
153,M Markande,293,48.0,435,16,17,56,91,,,,,16.0,433.0,47.8,9.1,2.0,1.0,2.0,1.0,9.1,18.3,0.9,31.1,19.1,27.2,148.0,87.5,156.5,146.5,233.0,188.5,196.0,,3.0,M Markande,-,188.0,-
154,ST Jayasuriya,291,48.0,396,13,21,38,83,0.0,10.0,1.0,10.0,11.0,311.0,40.7,7.6,75.0,6.8,11.0,,8.2,22.4,0.6,28.5,13.1,30.5,138.0,143.5,156.5,158.5,259.5,43.5,103.0,227.0,153.5,ST Jayasuriya,54.0,146.0,32.0
155,BA Bhatt,291,48.0,408,12,15,48,93,4.0,116.0,16.0,7.2,6.0,224.0,25.0,9.0,68.0,7.5,9.1,1.0,8.5,24.2,0.8,32.0,16.5,34.0,141.0,186.0,156.5,167.5,216.0,115.0,139.5,63.0,55.0,BA Bhatt,-,177.0,-
156,LH Ferguson,291,48.0,432,11,14,59,113,2.0,128.0,13.0,9.8,6.0,150.0,22.0,6.8,154.0,13.5,11.4,,9.0,26.5,0.8,38.8,20.3,39.3,147.0,226.5,156.5,179.0,93.0,217.5,185.0,219.0,172.5,LH Ferguson,-,200.0,-
157,CJ Anderson,290,48.0,525,11,22,75,79,2.0,121.0,11.7,10.3,4.0,245.0,26.3,9.3,159.0,10.3,15.4,,10.9,26.4,0.5,27.2,25.9,47.7,162.0,264.0,156.5,179.0,276.0,288.5,285.5,238.0,253.0,CJ Anderson,100.0,273.0,100.0
158,Mohammad Nabi,289,48.0,331,11,14,34,115,7.0,129.0,21.5,6.0,4.0,183.0,25.5,7.2,19.0,1.2,15.8,1.0,6.9,26.3,0.8,39.8,11.8,30.1,119.5,140.0,156.5,179.0,78.5,20.0,6.5,14.5,257.5,Mohammad Nabi,157.0,65.0,38.0
159,A Zampa,284,47.0,373,21,14,35,90,0.0,9.0,0.8,11.2,15.0,282.0,40.5,7.0,82.0,6.0,13.7,1.0,7.9,13.5,1.5,31.7,12.3,17.8,134.0,5.0,160.5,120.5,221.5,25.5,74.0,260.5,243.0,A Zampa,-,78.0,-
160,A Mithun,283,47.0,477,7,16,63,90,1.0,105.0,10.7,9.8,2.0,217.0,23.7,9.2,155.0,12.8,12.1,,10.1,40.4,0.4,31.8,22.3,68.1,155.0,284.0,160.5,223.0,219.0,265.0,267.0,219.0,207.0,A Mithun,-,267.0,-
161,BCJ Cutting,280,46.0,430,10,17,59,77,0.0,68.0,7.0,9.7,9.0,239.0,30.2,7.9,123.0,9.5,12.9,,9.3,28.0,0.6,27.5,21.1,43.0,146.0,244.0,163.0,187.0,270.0,243.0,224.0,214.0,232.0,BCJ Cutting,133.0,254.0,104.0
162,SJ Srivastava,279,46.0,444,14,14,63,103,5.0,211.0,21.7,9.7,7.0,153.0,17.8,8.6,80.0,7.0,11.4,,9.7,19.9,1.0,36.9,22.6,31.7,149.0,162.0,163.0,153.0,121.0,266.5,251.5,214.0,172.5,SJ Srivastava,-,214.0,-
163,WPUJC Vaas,276,46.0,364,18,13,53,128,15.0,211.0,32.3,6.5,1.0,57.0,6.0,9.5,96.0,7.7,12.5,,7.9,15.3,1.4,46.4,19.2,20.2,127.0,13.5,163.0,135.0,13.5,192.5,74.0,32.0,222.5,WPUJC Vaas,-,70.0,-
164,SM Pollock,274,45.0,307,11,13,39,130,8.0,213.0,33.8,6.3,3.0,94.0,11.8,8.0,,,,,6.8,24.9,0.8,47.4,14.2,27.9,104.5,101.5,165.5,179.0,10.0,64.5,4.5,21.0,,SM Pollock,146.0,51.0,30.0
165,D Wiese,274,45.0,409,16,14,53,79,6.0,64.0,9.7,6.6,3.0,265.0,27.8,9.5,80.0,8.2,9.8,1.0,9.1,17.1,1.1,28.8,19.3,25.6,142.0,68.0,165.5,146.5,256.5,195.5,196.0,35.5,89.0,D Wiese,-,193.0,-
166,SC Ganguly,269,44.0,370,10,20,39,75,0.0,32.0,3.0,10.7,10.0,313.0,41.0,7.6,25.0,0.8,31.2,,8.4,26.9,0.5,27.9,14.5,37.0,131.0,216.0,168.0,187.0,265.0,74.0,127.5,248.0,284.0,SC Ganguly,87.0,196.0,66.0
167,TM Dilshan,269,44.0,368,5,25,42,79,0.0,62.0,7.0,8.9,5.0,281.0,35.7,7.9,25.0,2.2,11.4,,8.4,53.8,0.2,29.4,15.6,73.6,130.0,287.0,168.0,253.5,253.0,98.0,127.5,177.0,172.5,TM Dilshan,88.0,231.0,82.0
168,J Suchith,269,44.0,397,12,14,47,81,2.0,74.0,8.0,9.2,10.0,313.0,35.8,8.7,10.0,1.0,10.0,,9.0,22.4,0.9,30.1,17.5,33.1,139.0,177.0,168.0,167.5,246.0,146.0,185.0,192.5,100.5,J Suchith,-,209.0,-
169,J Yadav,263,43.0,290,6,14,28,102,2.0,136.0,20.0,6.8,4.0,154.0,23.8,6.5,,,,,6.7,43.8,0.4,38.8,10.6,48.3,94.0,266.0,171.5,236.5,93.0,6.0,3.0,44.0,,J Yadav,-,124.0,-
170,AG Murtaza,259,43.0,322,9,12,36,101,2.0,52.0,13.0,4.0,7.0,239.0,28.2,8.5,31.0,2.0,15.5,,7.5,28.8,0.8,39.0,13.9,35.8,112.0,206.0,171.5,198.0,87.5,53.5,36.0,3.0,254.5,AG Murtaza,-,120.0,-
171,MM Ali,258,43.0,309,10,17,33,97,0.0,31.0,4.8,6.5,10.0,265.0,37.2,7.1,13.0,1.0,13.0,,7.2,25.8,0.6,37.6,12.8,30.9,107.0,149.0,171.5,187.0,107.5,38.5,20.5,32.0,234.5,MM Ali,94.0,96.0,28.0
172,A Ashish Reddy,258,43.0,400,18,20,46,79,0.0,20.0,1.0,20.0,10.0,257.0,30.5,8.4,123.0,11.5,10.7,,9.3,14.3,0.9,30.6,17.8,22.2,140.0,28.0,171.5,135.0,240.0,151.5,224.0,280.0,139.0,A Ashish Reddy,138.0,171.0,78.0
173,R Rampaul,255,42.0,308,14,12,37,127,7.0,152.0,25.7,5.9,3.0,70.0,9.2,7.6,86.0,7.7,11.2,,7.3,18.2,1.2,49.8,14.5,22.0,106.0,27.0,175.0,153.0,4.0,74.0,27.5,12.5,165.5,R Rampaul,-,33.0,-
174,Joginder Sharma,254,42.0,421,12,15,55,71,0.0,48.0,4.0,12.0,10.0,284.0,30.8,9.2,89.0,7.5,11.9,,10.0,21.2,0.8,28.0,21.7,35.1,144.0,197.5,175.0,167.5,264.0,255.5,261.5,267.5,193.5,Joginder Sharma,-,252.0,-
175,S Badree,253,42.0,329,11,12,42,109,7.0,196.0,25.7,7.6,4.0,133.0,16.5,8.1,,,,1.0,7.8,23.0,0.9,43.1,16.6,29.9,118.0,136.0,175.0,179.0,42.0,118.5,63.0,101.0,,S Badree,-,110.0,-
176,CR Brathwaite,250,41.0,384,13,16,49,74,0.0,30.0,4.0,7.5,8.0,277.0,30.5,9.1,77.0,7.2,10.7,,9.4,19.2,0.8,29.6,19.6,29.5,136.0,127.5,177.5,158.5,250.5,205.5,235.0,89.5,139.0,CR Brathwaite,141.0,225.0,96.0
177,V Kohli,248,41.0,371,4,26,36,52,,,,,3.0,333.0,39.0,8.5,38.0,2.3,16.5,,9.0,62.0,0.2,21.0,14.5,92.8,132.0,294.0,177.5,268.0,295.0,74.0,185.0,,261.5,V Kohli,5.0,247.0,53.0
178,L Ngidi,245,40.0,331,20,11,43,107,6.0,129.0,18.5,7.0,4.0,55.0,8.8,6.2,147.0,13.5,10.9,1.0,8.3,12.2,1.8,43.7,17.6,16.6,119.5,4.0,179.0,124.0,37.0,149.0,116.0,53.5,146.0,L Ngidi,-,79.0,-
179,AA Chavan,238,39.0,339,8,13,44,100,3.0,164.0,23.0,7.1,4.0,153.0,15.3,10.0,22.0,1.3,16.9,,8.7,29.8,0.6,42.0,18.5,42.4,123.0,241.0,181.0,212.0,48.5,170.0,162.0,58.0,264.0,AA Chavan,-,190.0,-
180,Sohail Tanvir,238,39.0,275,22,11,34,121,6.0,145.0,21.3,6.8,0.0,20.0,3.2,6.2,110.0,15.2,7.2,2.0,7.1,10.8,2.0,50.8,14.3,12.5,87.0,1.0,181.0,117.0,3.0,66.5,14.5,44.0,15.0,Sohail Tanvir,-,19.0,-
181,BAW Mendis,237,39.0,288,8,10,26,76,2.0,49.0,9.0,5.4,5.0,185.0,24.5,7.6,54.0,6.0,9.0,,7.4,29.6,0.8,32.1,11.0,36.0,93.0,209.5,181.0,212.0,213.5,7.0,31.0,9.0,49.5,BAW Mendis,-,140.0,-
182,DJG Sammy,233,38.0,354,11,19,45,72,1.0,34.0,4.0,8.5,9.0,269.0,30.7,8.8,51.0,4.2,12.1,1.0,9.3,21.2,0.6,30.9,19.3,32.2,125.0,169.0,185.5,179.0,235.5,195.5,224.0,158.0,207.0,DJG Sammy,168.0,232.0,106.0
183,A Chandila,232,38.0,245,11,12,27,103,10.0,139.0,23.8,5.8,1.0,100.0,13.8,7.2,6.0,1.0,6.0,1.0,6.4,21.1,0.9,44.4,11.6,22.3,80.5,29.5,185.5,179.0,26.0,15.5,1.0,11.0,8.5,A Chandila,-,28.0,-
184,JD Ryder,231,38.0,314,8,16,34,79,0.0,7.0,1.0,7.0,7.0,267.0,34.3,7.8,40.0,3.2,12.5,,8.3,28.9,0.5,34.2,14.7,39.2,110.0,225.0,185.5,212.0,173.0,79.0,116.0,53.5,222.5,JD Ryder,80.0,181.0,58.0
185,JDP Oram,230,38.0,362,9,14,48,79,3.0,173.0,17.7,9.8,1.0,78.0,9.0,8.7,111.0,11.7,9.5,,9.5,25.6,0.6,34.3,20.9,40.2,126.0,229.0,185.5,198.0,170.5,235.5,242.5,219.0,69.0,JDP Oram,221.0,243.0,111.0
186,BJ Hodge,230,38.0,310,17,20,31,75,0.0,56.0,5.8,9.7,17.0,243.0,31.5,7.7,11.0,1.0,11.0,1.0,8.2,13.5,0.8,32.6,13.5,18.2,108.0,7.0,185.5,142.5,204.0,46.5,103.0,214.0,153.5,BJ Hodge,66.0,105.0,21.0
187,AM Nayar,228,38.0,323,9,19,35,69,0.0,10.0,1.0,10.0,8.0,304.0,36.0,8.4,9.0,1.0,9.0,,8.5,25.3,0.5,30.3,15.4,35.9,114.0,208.0,185.5,198.0,243.0,94.0,139.5,227.0,49.5,AM Nayar,137.0,204.0,90.0
188,CRD Fernando,226,37.0,306,17,10,39,99,7.0,90.0,12.5,7.2,5.0,96.0,13.8,7.0,120.0,11.3,10.6,1.0,8.3,13.3,1.7,43.8,17.3,18.0,103.0,6.0,190.0,142.5,35.0,137.5,116.0,63.0,133.5,CRD Fernando,-,87.0,-
189,DJ Hooda,225,37.0,326,7,21,35,60,1.0,78.0,9.0,8.7,5.0,229.0,27.3,8.4,19.0,1.2,15.8,,8.8,32.1,0.3,26.7,15.6,46.6,116.0,258.5,190.0,223.0,280.0,98.0,170.0,168.0,257.5,DJ Hooda,134.0,236.0,98.0
190,Kartik Tyagi,224,37.0,372,9,10,49,78,3.0,129.0,12.0,10.8,4.0,125.0,15.5,8.1,118.0,9.8,12.0,,10.1,24.9,0.9,34.8,21.9,41.3,133.0,236.0,190.0,198.0,161.5,262.0,267.0,253.5,200.5,Kartik Tyagi,-,251.0,-
191,Y Venugopal Rao,215,35.0,338,6,20,43,59,1.0,67.0,7.0,9.6,4.0,229.0,25.8,8.9,42.0,3.0,14.0,,9.7,35.8,0.3,27.4,20.0,56.3,122.0,277.0,195.0,236.5,272.5,212.5,251.5,209.5,246.0,Y Venugopal Rao,104.0,271.0,102.0
192,KC Cariappa,215,35.0,349,8,11,42,61,0.0,65.0,6.0,10.8,8.0,273.0,28.8,9.5,11.0,1.0,11.0,,10.0,26.9,0.7,28.4,19.5,43.6,124.0,246.0,195.0,212.0,261.0,202.5,261.5,253.5,153.5,KC Cariappa,-,262.0,-
193,KP Appanna,214,35.0,291,9,13,31,68,0.0,28.0,2.8,10.0,9.0,263.0,32.8,8.0,,,,1.0,8.3,23.8,0.7,31.8,14.5,32.3,95.0,170.0,195.0,198.0,219.0,74.0,116.0,227.0,,KP Appanna,-,175.0,-
194,SB Styris,214,35.0,278,8,11,33,83,1.0,45.0,7.0,6.4,5.0,162.0,21.8,7.4,71.0,6.8,10.4,,7.9,26.8,0.7,38.8,15.4,34.8,88.0,195.5,195.0,212.0,93.0,94.0,74.0,26.5,124.5,SB Styris,213.0,144.0,92.0
195,MN Samuels,213,35.0,285,9,11,35,79,2.0,81.0,13.0,6.2,4.0,117.0,15.0,7.8,87.0,7.5,11.6,,8.1,23.7,0.8,37.1,16.4,31.7,90.0,162.0,195.0,198.0,117.0,112.5,93.5,17.5,182.5,MN Samuels,209.0,154.0,94.0
196,C de Grandhomme,212,35.0,323,6,19,35,58,0.0,13.0,2.0,6.5,6.0,297.0,32.2,9.2,13.0,1.2,10.8,,9.2,35.3,0.3,27.4,16.5,53.8,114.0,275.0,195.0,236.5,272.5,115.0,209.5,32.0,143.0,C de Grandhomme,123.0,250.0,100.0
197,JL Pattinson,212,35.0,321,11,10,44,77,4.0,149.0,17.0,8.8,4.0,124.0,13.8,9.0,48.0,4.5,10.7,,9.2,19.3,1.1,36.3,20.8,29.2,111.0,122.0,195.0,179.0,132.0,232.0,209.5,172.5,139.0,JL Pattinson,-,205.0,-
198,J Theron,209,34.0,302,9,10,36,66,1.0,93.0,9.8,9.5,4.0,78.0,10.7,7.3,131.0,14.3,9.2,,8.9,23.2,0.9,31.6,17.2,33.6,100.0,182.5,200.0,198.0,224.5,133.0,176.0,205.0,59.5,J Theron,-,213.0,-
199,S Lamichhane,208,34.0,297,13,9,38,75,5.0,104.0,11.8,8.8,8.0,174.0,21.8,8.0,19.0,1.0,19.0,,8.7,16.0,1.4,36.1,18.3,22.8,96.0,34.0,200.0,158.5,135.0,164.0,162.0,172.5,273.5,S Lamichhane,-,139.0,-
200,YA Abdulla,205,34.0,311,15,11,45,88,7.0,103.0,14.0,7.4,2.0,109.0,11.7,9.3,99.0,8.5,11.6,2.0,9.1,13.7,1.4,42.9,22.0,20.7,109.0,19.0,200.0,149.0,44.0,263.0,196.0,78.5,182.5,YA Abdulla,-,150.0,-
201,S Tyagi,203,33.0,304,6,14,46,93,5.0,234.0,27.0,8.7,1.0,38.0,5.0,7.6,32.0,1.8,17.8,,9.2,33.8,0.4,45.8,22.7,50.7,101.5,270.0,205.5,236.5,18.0,269.0,209.5,168.0,266.0,S Tyagi,-,234.0,-
202,Arshdeep Singh,203,33.0,336,12,11,45,70,4.0,183.0,19.2,9.5,0.0,66.0,6.0,11.0,87.0,8.7,10.0,,10.2,16.9,1.1,34.5,22.2,28.0,121.0,103.0,205.5,167.5,166.0,264.0,272.0,205.0,100.5,Arshdeep Singh,-,229.0,-
203,Karanveer Singh,202,33.0,323,12,9,38,64,0.0,26.0,2.0,13.0,8.0,259.0,28.7,9.0,38.0,3.0,12.7,1.0,9.8,16.8,1.3,31.7,18.8,26.9,114.0,80.5,205.5,167.5,221.5,180.0,255.0,275.0,228.0,Karanveer Singh,-,212.0,-
204,RS Bopara,201,33.0,301,11,14,35,61,,,,,9.0,240.0,27.7,8.7,61.0,5.8,10.5,,9.1,18.3,0.8,30.3,17.4,27.4,98.5,91.5,205.5,179.0,243.0,142.0,196.0,,128.5,RS Bopara,109.0,199.0,77.0
205,VS Malik,201,33.0,268,6,13,36,84,4.0,157.0,20.7,7.6,2.0,99.0,11.7,8.5,12.0,1.2,10.0,,8.1,33.5,0.5,41.8,17.9,44.7,85.0,248.5,205.5,236.5,52.0,154.0,93.5,101.0,100.5,VS Malik,-,180.0,-
206,M Ntini,201,33.0,257,7,9,37,99,5.0,182.0,24.7,7.4,0.0,27.0,4.0,6.8,48.0,4.8,10.0,1.0,7.8,28.7,0.8,49.3,18.4,36.7,83.0,214.0,205.5,223.0,5.0,167.0,63.0,78.5,100.5,M Ntini,-,153.0,-
207,S Kaushik,200,33.0,304,6,10,39,68,0.0,41.0,2.8,14.6,6.0,213.0,27.8,7.7,50.0,2.7,18.5,,9.2,33.3,0.6,34.0,19.5,50.7,101.5,270.0,205.5,236.5,175.0,202.5,209.5,278.0,270.5,S Kaushik,-,248.0,-
208,V Pratap Singh,200,33.0,300,10,9,41,71,3.0,140.0,15.3,9.2,3.0,106.0,12.0,8.8,54.0,6.0,9.0,,9.1,20.0,1.1,35.5,20.5,30.0,97.0,138.5,205.5,187.0,149.0,225.5,196.0,192.5,49.5,V Pratap Singh,-,210.0,-
209,Parvez Rasool,196,32.0,273,4,11,33,60,1.0,101.0,10.8,9.4,3.0,172.0,21.8,7.9,,,,,8.5,49.0,0.4,30.6,16.8,68.2,86.0,285.0,210.0,268.0,240.0,124.0,139.5,199.5,,Parvez Rasool,-,244.0,-
210,SMSM Senanayake,190,31.0,211,9,8,22,73,4.0,111.0,20.8,5.3,4.0,85.0,9.0,9.4,15.0,1.8,8.3,,6.8,21.1,1.1,38.4,11.6,23.4,58.0,38.5,211.5,198.0,100.0,15.5,4.5,8.0,25.0,SMSM Senanayake,-,61.0,-
211,J Syed Mohammad,189,31.0,286,8,11,30,47,1.0,14.0,3.0,4.7,7.0,266.0,27.5,9.7,6.0,1.0,6.0,,9.2,23.6,0.7,24.9,15.9,35.8,91.5,206.0,211.5,212.0,288.0,102.0,209.5,5.0,8.5,J Syed Mohammad,-,237.0,-
212,Mohammad Asif,185,30.0,307,8,8,45,64,3.0,147.0,14.8,9.9,1.0,69.0,8.5,8.1,91.0,7.5,12.1,,10.2,23.1,1.0,34.6,24.3,38.4,104.5,224.0,214.5,212.0,164.0,283.5,272.0,222.0,207.0,Mohammad Asif,-,259.0,-
213,SE Bond,185,30.0,225,9,8,30,75,4.0,95.0,14.8,6.4,3.0,43.0,7.0,6.1,87.0,9.0,9.7,,7.5,20.6,1.1,40.5,16.2,25.0,65.0,61.5,214.5,198.0,68.5,107.5,36.0,26.5,80.5,SE Bond,-,104.0,-
214,AB McDonald,184,30.0,263,11,10,31,50,3.0,64.0,7.0,9.1,5.0,148.0,18.7,7.9,51.0,5.0,10.2,,8.8,16.7,1.1,27.2,16.8,23.9,84.0,44.0,214.5,179.0,276.0,124.0,170.0,186.0,115.0,AB McDonald,179.0,187.0,96.0
215,B Akhil,184,30.0,246,6,13,27,60,0.0,12.0,1.0,12.0,5.0,191.0,26.5,7.2,43.0,3.2,13.4,,8.2,30.7,0.5,32.6,14.7,41.0,82.0,234.0,214.5,236.5,204.0,79.0,103.0,267.5,239.0,B Akhil,-,206.0,-
216,IS Sodhi,179,29.0,204,9,8,17,64,2.0,17.0,2.0,8.5,7.0,181.0,27.7,6.5,6.0,0.2,30.0,,7.0,19.9,1.1,35.8,9.5,22.7,53.0,32.0,218.0,198.0,144.0,4.0,10.0,158.0,283.0,IS Sodhi,-,76.0,-
217,Avesh Khan,178,29.0,301,5,9,47,68,3.0,181.0,17.0,10.6,1.0,83.0,8.8,9.4,37.0,3.8,9.7,,10.4,35.6,0.6,38.2,26.4,60.2,98.5,280.0,218.0,253.5,102.5,292.0,277.5,244.5,80.5,Avesh Khan,-,269.0,-
218,S Randiv,174,29.0,223,6,8,25,60,0.0,21.0,2.0,10.5,4.0,180.0,25.0,7.2,22.0,2.0,11.0,,7.7,29.0,0.8,34.5,14.4,37.2,63.0,218.0,218.0,236.5,166.0,69.0,53.0,242.0,153.5,S Randiv,-,174.0,-
219,Shahid Afridi,172,28.0,237,9,10,26,57,1.0,26.0,4.0,6.5,6.0,190.0,21.7,8.8,21.0,3.0,7.0,,8.5,19.1,0.9,33.1,15.1,26.3,75.0,74.0,221.5,198.0,196.0,87.5,139.5,32.0,13.5,Shahid Afridi,-,163.0,-
220,KP Pietersen,171,28.0,218,7,13,19,54,1.0,20.0,3.0,6.7,5.0,169.0,22.5,7.5,29.0,3.0,9.7,,7.8,24.4,0.5,31.6,11.1,31.1,61.0,153.0,221.5,223.0,224.5,8.0,63.0,39.0,80.5,KP Pietersen,41.0,158.0,31.0
221,I Udana,170,28.0,286,8,10,37,45,2.0,104.0,8.8,11.8,4.0,94.0,11.0,8.5,88.0,8.5,10.4,,10.2,21.2,0.8,26.5,21.8,35.8,91.5,206.0,221.5,212.0,281.5,260.0,272.0,265.0,124.5,I Udana,-,274.0,-
222,TK Curran,168,28.0,328,9,10,43,38,1.0,64.0,5.7,11.2,2.0,117.0,11.2,10.4,147.0,11.2,13.1,,11.7,18.7,0.9,22.6,25.6,36.4,117.0,212.5,221.5,198.0,292.0,286.0,293.0,260.5,236.0,TK Curran,-,281.0,-
223,B Laughlin,166,27.0,284,10,9,36,42,3.0,61.0,5.8,10.5,4.0,93.0,12.0,7.8,130.0,9.8,13.3,,10.5,16.6,1.1,25.3,21.7,28.4,89.0,107.0,224.5,187.0,287.0,255.5,279.5,242.0,238.0,B Laughlin,-,256.0,-
224,V Shankar,163,27.0,229,6,15,27,54,0.0,14.0,1.3,10.8,6.0,202.0,23.8,8.5,13.0,2.0,6.5,,8.5,27.2,0.4,33.1,16.6,38.2,69.5,223.0,224.5,236.5,196.0,118.5,139.5,253.5,10.5,V Shankar,92.0,220.0,80.0
225,KMA Paul,161,26.0,239,9,8,26,52,0.0,16.0,1.0,16.0,6.0,154.0,19.8,7.8,69.0,6.0,11.5,,9.2,17.9,1.1,32.3,16.1,26.6,77.0,76.5,226.5,198.0,209.5,105.5,209.5,279.0,178.0,KMA Paul,-,192.0,-
226,HF Gurney,161,26.0,239,7,8,30,50,2.0,66.0,11.0,6.0,2.0,65.0,8.0,8.1,108.0,7.8,13.8,,9.2,23.0,0.9,31.1,18.6,34.1,77.0,187.0,226.5,223.0,233.0,173.5,209.5,14.5,244.0,HF Gurney,-,242.0,-
227,KL Nagarkoti,154,25.0,233,5,9,26,44,0.0,29.0,4.0,7.2,4.0,183.0,18.7,9.8,21.0,3.0,7.0,,9.3,30.8,0.6,28.6,16.9,46.6,72.0,258.5,229.5,253.5,258.0,127.5,224.0,63.0,13.5,KL Nagarkoti,-,257.0,-
228,P Parameswaran,152,25.0,226,9,8,33,64,2.0,65.0,6.0,10.8,2.0,103.0,14.2,7.3,58.0,5.2,11.2,,9.0,16.9,1.1,42.1,21.7,25.1,67.0,63.0,229.5,198.0,47.0,255.5,185.0,253.5,165.5,P Parameswaran,-,176.0,-
229,Kamran Khan,152,25.0,233,9,9,32,62,4.0,118.0,12.8,9.2,2.0,56.0,7.7,7.3,59.0,4.8,12.3,,9.3,16.9,1.0,40.8,21.1,25.9,72.0,71.5,229.5,198.0,63.5,243.0,224.0,192.5,214.0,Kamran Khan,-,194.0,-
230,CK Langeveldt,150,25.0,199,13,7,25,69,6.0,99.0,13.5,7.3,3.0,44.0,4.7,9.4,56.0,6.8,8.2,,8.0,11.5,1.9,46.0,16.7,15.3,50.0,2.0,229.5,158.5,16.0,121.5,84.0,70.0,23.0,CK Langeveldt,-,82.0,-
231,JEC Franklin,149,24.0,225,9,15,27,39,1.0,20.0,1.8,11.1,7.0,186.0,22.0,8.5,19.0,1.0,19.0,,9.4,16.6,0.6,26.2,18.1,25.0,65.0,61.5,236.5,198.0,283.0,159.0,235.0,259.0,273.5,JEC Franklin,145.0,228.0,100.0
232,PC Valthaty,149,24.0,207,7,10,22,44,,,,,5.0,187.0,22.7,8.2,20.0,2.2,9.1,1.0,8.6,21.3,0.7,29.5,14.8,29.6,57.0,130.0,236.5,223.0,252.0,81.5,152.0,,55.0,PC Valthaty,114.0,207.0,84.0
233,TL Suman,149,24.0,198,6,11,18,43,0.0,6.0,0.8,7.5,5.0,144.0,20.0,7.2,48.0,4.0,12.0,,8.2,24.8,0.5,28.9,12.1,33.0,48.5,175.5,236.5,236.5,255.0,23.0,103.0,89.5,200.5,TL Suman,130.0,194.0,85.0
234,SB Bangar,148,24.0,221,4,9,31,55,1.0,13.0,2.8,4.6,3.0,168.0,19.0,8.8,40.0,2.8,14.3,,9.2,37.0,0.4,37.2,20.9,55.2,62.0,276.0,236.5,268.0,115.0,235.5,209.5,4.0,247.0,SB Bangar,-,256.0,-
235,LE Plunkett,147,24.0,228,4,7,27,39,1.0,72.0,6.8,10.6,1.0,97.0,11.0,8.8,59.0,6.7,8.8,,9.5,36.8,0.6,26.5,18.4,57.0,68.0,278.0,236.5,268.0,281.5,167.0,242.5,244.5,40.5,LE Plunkett,-,277.0,-
236,BE Hendricks,147,24.0,239,9,7,31,52,1.0,108.0,10.0,10.8,3.0,64.0,7.8,8.2,67.0,6.7,10.0,,10.0,16.3,1.3,35.4,21.1,26.6,77.0,76.5,236.5,198.0,150.0,243.0,261.5,253.5,100.5,BE Hendricks,-,226.0,-
237,AM Salvi,146,24.0,205,7,7,25,57,1.0,79.0,10.7,7.4,4.0,80.0,8.7,9.2,46.0,5.0,9.2,,8.5,20.9,1.0,39.0,17.1,29.3,54.5,123.5,236.5,223.0,87.5,130.5,139.5,78.5,59.5,AM Salvi,-,165.0,-
238,DP Vijaykumar,146,24.0,205,4,9,28,63,3.0,126.0,16.7,7.5,0.0,24.0,3.8,6.3,55.0,3.8,14.5,,8.5,36.5,0.4,43.2,19.2,51.2,54.5,272.0,236.5,268.0,40.0,192.5,139.5,89.5,248.0,DP Vijaykumar,-,221.0,-
239,B Stanlake,144,24.0,200,7,6,28,64,2.0,111.0,14.0,7.9,5.0,78.0,9.0,8.7,11.0,1.0,11.0,,8.3,20.6,1.2,44.4,19.4,28.6,51.0,111.0,236.5,223.0,26.0,199.0,116.0,126.0,153.5,B Stanlake,-,161.0,-
240,Anand Rajan,144,24.0,206,8,8,25,57,0.0,47.0,7.0,6.7,5.0,90.0,12.3,7.3,69.0,4.7,14.7,,8.6,18.0,1.0,39.6,17.4,25.8,56.0,70.0,236.5,212.0,84.0,142.0,152.0,39.0,250.5,Anand Rajan,-,159.0,-
241,JDS Neesham,141,23.0,245,3,9,33,39,1.0,55.0,4.8,11.5,2.0,172.0,17.7,9.7,18.0,1.0,18.0,,10.7,47.0,0.3,27.7,23.4,81.7,80.5,291.0,242.5,278.5,267.0,276.5,282.5,263.0,268.0,JDS Neesham,-,294.0,-
242,R Sathish,138,23.0,233,3,14,28,30,,,,,3.0,193.0,20.8,9.3,40.0,2.2,18.2,,10.1,46.0,0.2,21.7,20.3,77.7,72.0,290.0,242.5,278.5,294.0,217.5,267.0,,269.0,R Sathish,196.0,288.0,113.0
243,S Ladda,137,22.0,225,5,9,29,48,1.0,28.0,2.8,10.0,1.0,156.0,16.0,9.8,41.0,4.0,10.2,,10.2,27.4,0.6,35.0,21.2,45.0,65.0,251.0,246.5,253.5,159.0,246.0,272.0,227.0,115.0,S Ladda,-,270.0,-
244,RR Raje,137,22.0,214,6,10,27,39,0.0,9.0,1.0,9.0,6.0,146.0,17.0,8.6,59.0,4.8,12.3,,9.7,22.8,0.6,28.5,19.7,35.7,59.0,204.0,246.5,236.5,259.5,208.0,251.5,181.0,214.0,RR Raje,-,266.0,-
245,FH Edwards,135,22.0,160,5,6,22,70,3.0,61.0,12.7,4.8,0.0,24.0,3.0,8.0,75.0,6.8,11.0,,7.3,27.0,0.8,51.9,16.3,32.0,37.0,168.0,246.5,253.5,2.0,110.0,27.5,6.0,153.5,FH Edwards,-,130.0,-
246,V Sehwag,135,22.0,236,6,15,35,44,0.0,47.0,2.0,23.5,5.0,168.0,18.8,8.9,21.0,1.7,12.4,,10.7,22.5,0.4,32.6,25.9,39.3,74.0,226.5,246.5,236.5,204.0,288.5,282.5,281.0,218.0,V Sehwag,8.0,278.0,68.0
247,GC Viljoen,134,22.0,229,7,6,31,43,2.0,55.0,6.0,9.2,4.0,96.0,11.5,8.3,78.0,4.8,16.2,,10.4,19.1,1.2,32.1,23.1,32.7,69.5,172.0,246.5,223.0,213.5,273.0,277.5,192.5,260.0,GC Viljoen,-,265.0,-
248,T Thushara,132,22.0,164,8,6,19,57,3.0,60.0,9.5,6.3,1.0,29.0,6.0,4.8,75.0,6.5,11.5,,7.5,16.5,1.3,43.2,14.4,20.5,38.0,16.5,246.5,212.0,40.0,69.0,36.0,21.0,178.0,T Thushara,-,86.0,-
249,P Amarnath,127,21.0,241,7,6,36,29,0.0,12.0,1.0,12.0,7.0,208.0,19.2,10.8,21.0,1.0,21.0,,11.5,18.1,1.2,22.8,28.3,34.4,79.0,192.5,251.0,223.0,291.0,294.0,292.0,267.5,280.0,P Amarnath,-,285.0,-
250,Umar Gul,127,21.0,198,12,6,22,51,4.0,42.0,5.8,7.2,4.0,82.0,9.0,9.1,74.0,6.3,11.7,1.0,9.4,10.6,2.0,40.2,17.3,16.5,48.5,3.0,251.0,167.5,73.0,137.5,235.0,63.0,187.0,Umar Gul,-,148.0,-
251,MJ Santner,126,21.0,147,6,6,16,49,2.0,59.0,6.0,9.8,3.0,87.0,14.0,6.2,1.0,1.0,1.0,,7.0,21.0,1.0,38.9,12.7,24.5,28.5,56.0,251.0,236.5,89.5,35.0,10.0,219.0,1.5,MJ Santner,-,99.0,-
252,SS Cottrell,119,19.0,177,6,6,27,58,4.0,108.0,14.0,7.7,0.0,21.0,2.8,7.5,48.0,3.0,16.0,,9.3,19.8,1.0,48.7,22.7,29.5,44.0,127.5,254.0,236.5,6.0,269.0,224.0,110.5,259.0,SS Cottrell,-,214.0,-
253,Shivam Sharma,114,19.0,165,4,5,19,37,,,,,4.0,140.0,16.0,8.8,25.0,3.0,8.3,,8.7,28.5,0.8,32.5,16.7,41.2,39.0,235.0,254.0,268.0,206.5,121.5,162.0,,25.0,Shivam Sharma,-,239.0,-
254,R Shukla,114,19.0,217,5,7,30,38,4.0,79.0,8.7,9.1,1.0,88.0,7.5,11.7,50.0,2.8,17.9,,11.4,22.8,0.7,33.3,26.3,43.4,60.0,245.0,254.0,253.5,190.5,291.0,289.5,186.0,267.0,R Shukla,-,284.0,-
255,JP Behrendorff,111,18.0,168,5,5,27,51,3.0,123.0,12.7,9.7,2.0,45.0,5.8,7.8,,,,,9.3,22.2,1.0,45.9,24.3,33.6,41.0,182.5,257.5,253.5,17.0,283.5,224.0,214.0,,JP Behrendorff,-,235.0,-
256,JE Taylor,111,18.0,167,6,5,19,48,0.0,51.0,8.0,6.4,0.0,20.0,2.8,7.1,96.0,7.7,12.5,,9.3,18.5,1.2,43.2,17.1,27.8,40.0,98.5,257.5,236.5,40.0,130.5,224.0,26.5,222.5,JE Taylor,-,179.0,-
257,AL Menaria,110,18.0,144,3,12,19,40,1.0,55.0,8.0,6.9,2.0,64.0,8.3,7.7,25.0,2.0,12.5,,8.0,36.7,0.2,36.4,17.3,48.0,25.5,265.0,257.5,278.5,130.5,137.5,84.0,48.5,222.5,AL Menaria,142.0,224.0,96.0
258,Ankit Soni,108,18.0,145,2,6,15,37,0.0,3.0,1.0,3.0,2.0,138.0,16.8,8.2,4.0,0.2,20.0,,8.1,54.0,0.3,34.3,13.9,72.5,27.0,286.0,257.5,288.5,170.5,53.5,93.5,2.0,277.5,Ankit Soni,-,222.0,-
259,M de Lange,106,17.0,171,5,5,25,39,2.0,82.0,9.8,8.4,1.0,29.0,2.8,10.4,60.0,5.0,12.0,,10.1,21.2,1.0,36.8,23.6,34.2,42.0,189.0,262.5,253.5,123.5,278.5,267.0,154.0,200.5,M de Lange,-,260.0,-
260,S Narwal,105,17.0,203,5,6,30,37,3.0,106.0,10.8,9.8,0.0,64.0,4.7,13.6,33.0,2.0,16.5,,11.9,21.0,0.8,35.2,28.6,40.6,52.0,232.5,262.5,253.5,156.0,295.0,294.0,219.0,261.5,S Narwal,-,280.0,-
261,TS Mills,103,17.0,157,5,5,21,41,3.0,58.0,6.7,8.7,0.0,46.0,4.7,9.8,53.0,5.8,9.1,,9.2,20.6,1.0,39.8,20.4,31.4,35.5,158.5,262.5,253.5,78.5,221.5,209.5,168.0,55.0,TS Mills,-,230.0,-
262,AF Milne,103,17.0,185,4,5,26,32,0.0,75.0,6.8,11.0,1.0,60.0,4.7,12.8,50.0,5.7,8.8,,10.9,25.8,0.8,31.1,25.2,46.2,46.0,256.0,262.5,268.0,233.0,285.0,285.5,258.0,40.5,AF Milne,-,289.0,-
263,N Rana,102,17.0,143,7,14,19,34,0.0,6.0,2.2,2.7,6.0,132.0,13.8,9.6,5.0,1.0,5.0,,8.4,14.6,0.5,33.3,18.6,20.4,24.0,15.0,262.5,223.0,190.5,173.5,127.5,1.0,5.5,N Rana,40.0,183.0,40.0
264,P Sahu,102,17.0,152,3,5,16,24,0.0,11.0,0.8,13.8,3.0,141.0,16.2,8.7,,,,,8.9,34.0,0.6,23.5,15.7,50.7,32.0,270.0,262.5,278.5,290.0,100.0,176.0,277.0,,P Sahu,-,261.0,-
265,TU Deshpande,101,16.0,193,3,5,29,28,1.0,62.0,6.0,10.3,1.0,95.0,7.8,12.2,36.0,3.0,12.0,,12.1,33.7,0.6,27.7,28.7,64.3,47.0,283.0,269.0,278.5,267.0,296.0,295.5,238.0,200.5,TU Deshpande,-,296.0,-
266,A Choudhary,101,16.0,144,5,5,19,42,3.0,46.0,6.0,7.7,1.0,58.0,6.8,8.5,40.0,4.0,10.0,,9.0,20.2,1.0,41.6,18.8,28.8,25.5,114.5,269.0,253.5,57.0,180.0,185.0,110.5,100.5,A Choudhary,-,201.0,-
267,KMDN Kulasekara,100,16.0,122,5,5,16,45,3.0,82.0,11.0,7.5,0.0,8.0,1.0,8.0,32.0,4.7,6.8,,7.6,20.0,1.0,45.0,16.0,24.4,16.0,51.5,269.0,253.5,22.0,103.5,45.0,89.5,12.0,KMDN Kulasekara,-,118.0,-
268,Shoaib Ahmed,100,16.0,154,5,7,21,33,1.0,37.0,3.0,12.3,4.0,97.0,12.7,7.6,20.0,1.0,20.0,,9.6,20.0,0.7,33.0,21.0,30.8,33.5,146.5,269.0,253.5,198.5,239.5,247.5,272.0,277.5,Shoaib Ahmed,-,258.0,-
269,Jaskaran Singh,99,16.0,174,6,7,27,39,2.0,53.0,6.7,7.9,1.0,62.0,6.0,10.3,59.0,3.8,15.5,,10.9,16.5,0.9,39.4,27.3,29.0,43.0,118.5,269.0,236.5,85.0,293.0,285.5,126.0,254.5,Jaskaran Singh,-,246.0,-
270,SB Wagh,97,16.0,147,5,8,23,45,4.0,120.0,14.2,8.5,,,,,27.0,2.0,13.5,,9.2,19.4,0.6,46.4,23.7,29.4,28.5,125.0,269.0,253.5,13.5,280.0,209.5,158.0,241.0,SB Wagh,-,223.0,-
271,R Parag,96,16.0,148,2,9,15,21,1.0,10.0,1.0,10.0,1.0,138.0,15.0,9.2,,,,,9.2,48.0,0.2,21.9,15.6,74.0,30.0,288.0,269.0,288.5,293.0,98.0,209.5,227.0,,R Parag,142.0,272.0,107.0
272,RV Gomez,95,15.0,130,5,9,17,37,,,,,4.0,110.0,14.8,7.4,20.0,1.0,20.0,,8.7,19.0,0.6,38.9,17.9,26.0,19.5,73.0,275.0,253.5,89.5,154.0,162.0,,277.5,RV Gomez,-,186.0,-
273,KJ Abbott,94,15.0,182,2,5,28,28,0.0,73.0,6.8,10.7,2.0,72.0,5.8,12.4,37.0,3.0,12.3,,12.1,47.0,0.4,29.8,29.8,91.0,45.0,293.0,275.0,288.5,249.0,297.0,295.5,248.0,214.0,KJ Abbott,-,297.0,-
274,P Suyal,93,15.0,154,2,5,21,36,1.0,93.0,9.7,9.6,1.0,36.0,4.0,9.0,25.0,1.8,13.9,,10.3,46.5,0.4,38.7,22.6,77.0,33.5,289.0,275.0,288.5,97.0,266.5,275.5,209.5,245.0,P Suyal,-,279.0,-
275,T Shamsi,92,15.0,151,3,4,20,26,,,,,3.0,121.0,13.3,9.1,30.0,2.0,15.0,,10.1,30.7,0.8,28.3,21.7,50.3,31.0,268.0,275.0,278.5,262.0,255.5,267.0,,252.0,T Shamsi,-,290.0,-
276,K Khejroliya,91,15.0,157,3,5,19,25,0.0,37.0,2.7,13.7,2.0,90.0,9.7,9.3,30.0,2.8,10.7,,10.5,30.3,0.6,27.5,20.9,52.3,35.5,273.0,275.0,278.5,270.0,235.5,279.5,276.0,139.0,K Khejroliya,-,291.0,-
277,S Sandeep Warrier,89,14.0,120,2,4,17,37,2.0,90.0,10.8,8.3,0.0,30.0,4.0,7.5,,,,,8.6,44.5,0.5,41.6,19.1,60.0,15.0,279.0,279.0,288.5,57.0,188.5,152.0,148.5,,S Sandeep Warrier,-,238.0,-
278,PD Collingwood,89,14.0,101,5,6,7,24,,,,,2.0,87.0,12.0,7.2,14.0,2.8,5.0,,7.2,17.8,0.8,27.0,7.9,20.2,9.0,13.5,279.0,253.5,278.5,1.0,20.5,,5.5,PD Collingwood,96.0,137.0,47.0
279,AA Jhunjhunwala,84,14.0,130,1,10,15,27,0.0,47.0,5.0,9.4,1.0,81.0,8.8,9.2,2.0,0.2,10.0,,9.3,84.0,0.1,32.1,17.9,130.0,19.5,295.0,279.0,295.0,213.5,154.0,224.0,199.5,100.5,AA Jhunjhunwala,183.0,275.0,110.0
280,Gagandeep Singh,83,13.0,142,3,4,20,25,0.0,7.0,1.0,7.0,2.0,79.0,9.8,8.1,56.0,3.0,18.7,,10.9,27.7,0.8,30.1,24.1,47.3,23.0,263.0,282.5,278.5,246.0,282.0,285.5,53.5,272.0,Gagandeep Singh,-,293.0,-
281,DJ Muthuswami,81,13.0,108,4,6,17,44,3.0,99.0,11.5,8.6,0.0,8.0,1.0,8.0,1.0,1.0,1.0,,8.3,20.2,0.7,54.3,21.0,27.0,11.0,84.0,282.5,268.0,1.0,239.5,116.0,163.0,1.5,DJ Muthuswami,-,182.0,-
282,RN ten Doeschate,78,13.0,94,2,10,7,22,,,,,2.0,82.0,12.0,6.8,12.0,1.0,12.0,,7.2,39.0,0.2,28.2,9.0,47.0,4.5,261.5,282.5,288.5,263.0,2.0,20.5,,200.5,RN ten Doeschate,110.0,216.0,86.0
283,Gurkeerat Singh,78,13.0,97,5,6,9,26,0.0,19.0,2.0,9.5,5.0,78.0,11.0,7.1,,,,,7.5,15.6,0.8,33.3,11.5,19.4,6.0,11.0,282.5,253.5,190.5,13.5,36.0,205.0,,Gurkeerat Singh,139.0,125.0,60.0
284,DR Sams,72,12.0,114,0,3,14,22,0.0,38.0,5.0,7.6,0.0,32.0,4.0,8.0,44.0,3.0,14.7,,9.5,inf,0.0,30.6,19.4,inf,13.5,297.5,285.0,297.5,240.0,199.0,242.5,101.0,250.5,DR Sams,-,286.0,-
285,Abhishek Sharma,71,11.0,113,3,8,10,11,,,,,3.0,102.0,10.8,9.4,11.0,1.0,11.0,,10.3,23.7,0.4,15.5,14.1,37.7,12.0,220.0,288.5,278.5,298.0,61.5,275.5,,153.5,Abhishek Sharma,159.0,268.0,108.0
286,WA Mota,71,11.0,98,4,7,9,24,,,,,4.0,61.0,9.8,6.2,37.0,2.0,18.5,,8.9,17.8,0.6,33.8,12.7,24.5,7.0,56.0,288.5,268.0,179.5,35.0,176.0,,270.5,WA Mota,-,185.0,-
287,LJ Wright,70,11.0,125,2,6,14,14,0.0,12.0,1.0,12.0,2.0,97.0,9.8,9.9,16.0,0.8,20.0,,11.4,35.0,0.3,20.0,20.0,62.5,17.5,282.0,288.5,288.5,296.0,212.5,289.5,267.5,277.5,LJ Wright,-,295.0,-
288,JJ van der Wath,70,11.0,134,3,3,23,29,0.0,41.0,5.0,8.2,1.0,44.0,3.0,14.7,49.0,3.7,13.2,,12.2,23.3,1.0,41.4,32.9,44.7,21.0,248.5,288.5,278.5,59.0,298.0,297.0,142.0,237.0,JJ van der Wath,-,276.0,-
289,TP Sudhindra,69,11.0,137,1,3,18,18,0.0,40.0,4.0,10.0,1.0,58.0,5.0,11.6,39.0,2.5,15.6,,12.5,69.0,0.3,26.1,26.1,137.0,22.0,296.0,288.5,295.0,284.5,290.0,298.0,227.0,256.0,TP Sudhindra,-,298.0,-
290,Y Nagar,66,11.0,125,4,8,17,16,0.0,10.0,1.0,10.0,4.0,115.0,10.0,11.5,,,,,11.4,16.5,0.5,24.2,25.8,31.2,17.5,154.5,288.5,268.0,289.0,287.0,289.5,227.0,,Y Nagar,183.0,287.0,112.0
291,K Goel,65,10.0,94,0,6,11,19,,,,,0.0,94.0,10.8,8.7,,,,,9.4,inf,0.0,29.2,16.9,inf,4.5,297.5,295.0,297.5,254.0,127.5,235.0,,,K Goel,204.0,283.0,114.0
292,AP Dole,65,10.0,114,5,3,15,20,2.0,62.0,5.0,12.4,2.0,39.0,4.8,8.1,13.0,1.0,13.0,,11.4,13.0,1.7,30.8,23.1,22.8,13.5,34.0,295.0,253.5,237.5,273.0,289.5,273.0,234.5,AP Dole,-,264.0,-
293,A Flintoff,65,10.0,106,2,3,14,20,0.0,21.0,2.0,10.5,1.0,33.0,5.8,5.7,52.0,3.0,17.3,,10.6,32.5,0.7,30.8,21.5,53.0,10.0,274.0,295.0,288.5,237.5,250.0,281.0,242.0,265.0,A Flintoff,-,292.0,-
294,DNT Zoysa,65,10.0,100,2,3,15,24,0.0,45.0,6.0,7.5,1.0,21.0,2.0,10.5,34.0,2.8,12.1,,10.0,32.5,0.7,36.9,23.1,50.0,8.0,267.0,295.0,288.5,121.0,273.0,261.5,89.5,207.0,DNT Zoysa,-,282.0,-
295,MJ Clarke,64,10.0,72,2,5,6,22,,,,,2.0,72.0,10.7,6.7,,,,,7.2,32.0,0.4,34.4,9.4,36.0,1.0,209.5,295.0,288.5,168.0,3.0,20.5,,,MJ Clarke,-,178.0,-
296,S Dube,63,10.0,83,4,7,8,16,,,,,2.0,38.0,5.8,6.6,45.0,4.7,9.6,,8.3,15.8,0.6,25.4,12.7,20.8,2.0,20.0,295.0,268.0,286.0,35.0,116.0,,73.5,S Dube,194.0,191.0,103.0
297,Swapnil Singh,60,10.0,90,1,5,7,10,,,,,1.0,90.0,10.0,9.0,,,,,9.0,60.0,0.2,16.7,11.7,90.0,3.0,292.0,295.0,295.0,297.0,18.0,185.0,,,Swapnil Singh,-,263.0,-
